Workbook

Sheet STOCK
A1: Material | B1: MaterialDescription | C1: MODEL | D1: STOCK | E1: MVMT | F1: USED SPARES | G1: PRICE | H1: ISSE GO DOWN | I1: SEP | J1: SHRM | K1: HOME
A2: 40007327 | B2: MAKTEC SWITCH 651527-9 MT921 | C2: 651527-9 | D2: 1 | E2: 35 | F2: 1 | G2: 35 | H2: - | I2: 15 | J2: MA224 | K2: AA91 | M2: ART | N2: PART | O2: QTY | P2: STCK | Q2: MAR | R2: APR | S2: AIR | T2: PRICE | U2: TOTAL | V2: SR | W2: HM
A3: 40010351 | B3: MAKTEC SWITCH 650545-4 MT240 | C3: 650545-4 | D3: 6 | E3: 8 | F3: - | G3: 37 | H3: - | I3: 2 | J3: GE04 | K3: - | M3: 10017943 | N3: UC012gz | O3: 2 | P3: 1 | Q3: 2 | R3: - | S3: #REF! | T3: 9370 | U3: 18740 | V3: - | W3: HT10 | X3: s002
A4: 40007189 | B4: MAKTEC SPRING PIN 3-6 258002-2 | C4: 258002-2 | D4: 8 | E4: 1 | F4: - | G4: 1 | H4: - | J4: MA175 | K4: - | M4: 10019051 | N4: LW1401 | O4: 1 | P4: 2 | Q4: 80 | R4: - | S4: #REF! | T4: 5315 | U4: 5315 | V4: OFFICE | W4: HT11 | X4: s002
A5: 40007052 | B5: MAKTEC H.GEAR 226586-8/226554-1 MT811 | C5: 226586-8 | D5: 25 | E5: 3 | F5: - | G5: 52 | H5: - | J5: CK03 | K5: - | M5: 10018875 | N5: M2401B | O5: 2 | P5: 8 | Q5: - | R5: - | S5: #REF! | T5: 3695 | U5: 7390 | V5: OFFICE | W5: HT11 | X5: s002
A6: 10019955 | B6: MAKTEC DRILL CHUCK 1/2' MT811 763161-4 | C6: 763161-4 | D6: 22 | E6: 163 | F6: 2 | G6: 97 | H6: - | I6: 30 | J6: CHUCK | K6: - | M6: - | O6: 1 | P6: - | Q6: - | R6: - | S6: #REF! | T6: - | U6: - | V6: - | W6: -
A7: 10019954 | B7: MAKTEC CH.KEY FOR MT650 763442-6 | C7: 763442-6 | D7: 10 | E7: 14 | F7: - | G7: 16 | H7: - | J7: 65(2) | K7: - | M7: - | O7: 1 | P7: - | Q7: - | R7: - | S7: #REF! | T7: - | U7: - | V7: - | W7: -
A8: 40007058 | B8: MAKTEC BTTRY CHRGR DC1251 193941-8 MT066 | C8: 193941-8 | D8: 1 | E8: 0 | F8: - | G8: 673 | H8: - | J8: 85 | K8: - | M8: - | O8: 1 | P8: - | Q8: - | R8: - | S8: #REF! | T8: - | U8: - | V8: - | W8: -
A9: 40007188 | B9: MAKTEC BLADE CAMP 325601-6 MT430 | C9: 325601-6 | D9: 19 | E9: 2 | F9: - | G9: 41 | H9: - | J9: MA19 | K9: - | M9: - | O9: 2 | P9: - | Q9: - | R9: - | S9: #REF! | T9: - | U9: - | V9: - | W9: -
A10: 40007042 | B10: MAKTEC BATTERY 9050 MT062 193710-7(9.6V) | C10: 193710-7 | D10: 6 | E10: 0 | F10: - | G10: 627 | H10: - | J10: 85 | K10: - | M10: - | O10: 2 | P10: - | Q10: - | R10: - | S10: #REF! | T10: - | U10: 190 | V10: - | W10: -
A11: 40007051 | B11: MAKTEC BATTERY 7050 SET 193959-9 MT066 | C11: 193959-9 | D11: 4 | E11: 1 | F11: - | G11: 347 | H11: - | J11: 86 | K11: - | M11: - | O11: 2 | P11: - | Q11: - | R11: - | S11: #REF! | T11: - | U11: - | V11: - | W11: -
A12: 40007750 | B12: MAKTEC ARMATURE MT360 516909-1 | C12: 516909-1 | D12: 3 | E12: 0 | F12: - | G12: 586 | H12: - | J12: 23 | K12: - | M12: - | O12: 2 | P12: - | Q12: - | R12: - | S12: #REF! | T12: - | U12: - | V12: - | W12: -
A13: 40007475 | B13: MAKTEC ARMATURE JM23000100 MT230 | C13: JM23000100 | D13: 12 | E13: 1 | F13: - | G13: 981 | H13: - | J13: 2 | K13: 93 | M13: - | O13: 1 | P13: - | Q13: - | R13: - | S13: #REF! | T13: - | U13: - | V13: - | W13: -
A14: 40007743 | B14: MAKTEC ARMATURE ASS'Y 517409-4 MT950 | C14: 517409-4 | D14: 7 | E14: 0 | F14: - | G14: 186 | H14: - | J14: - | K14: 98 | M14: - | O14: 1 | P14: - | Q14: - | R14: - | S14: #REF! | T14: - | U14: - | V14: - | W14: -
A15: 40007499 | B15: MAKTEC ARMATURE 517479-3 MT603 | C15: 517479-3 | D15: 10 | E15: 0 | F15: - | G15: 225 | H15: - | J15: J1 | K15: 98 | M15: - | O15: 1 | P15: - | Q15: - | R15: - | S15: #REF! | T15: - | U15: - | V15: - | W15: -
A16: 40007480 | B16: MAKTEC ARMATURE 517454-9 MT953 | C16: 517454-9 | D16: 7 | E16: 3 | F16: - | G16: 266 | H16: - | J16: C7 | K16: 60 | M16: - | O16: 1 | P16: - | Q16: - | R16: - | S16: #REF! | T16: - | U16: - | V16: - | W16: -
A17: 40007472 | B17: MAKTEC ARMATURE 513549-6 MT580/MT560 | C17: 513549-6 | D17: 5 | E17: 41 | F17: 1 | G17: 340 | H17: - | I17: 7 | J17: 6 | K17: 18 | M17: - | P17: - | Q17: - | R17: - | S17: #REF! | T17: - | U17: - | V17: - | W17: -
A18: 40006222 | B18: MAKTA BEARING BOX 319351-3 GA7060 | C18: 319351-3 | D18: 1 | E18: 0 | F18: - | G18: 41 | H18: - | J18: - | K18: 75 | M18: - | P18: - | Q18: - | R18: - | S18: #REF! | T18: - | W18: -
A19: 40006144 | B19: MAKITATRIGGERVALVE SET B0500-0181(AF301) | C19: B0500-0181 | D19: 10 | E19: 0 | F19: - | G19: 19 | H19: - | J19: ZI16 | K19: - | M19: - | P19: - | Q19: - | R19: - | S19: #REF! | T19: -
A20: 40005533 | B20: MAKITASPIRAL BEVEL GEAR 37 227627-3 | C20: 227627-3 | D20: 5 | E20: 4 | F20: - | G20: 104 | H20: - | J20: HM03 | K20: - | M20: - | P20: - | Q20: - | R20: - | S20: #REF! | T20: -
A21: 40007621 | B21: MAKITAPAD COMPLETE FOR BO3700 140441-9 | C21: 140441-9 | D21: 67 | E21: 349 | F21: 4 | G21: 34 | H21: - | I21: 40 | J21: H30 | K21: - | M21: - | P21: - | Q21: - | R21: - | S21: #REF! | T21: -
A22: 10019539 | B22: MAKITADRESSINGSTONE100X16X10 9803A-24642 | C22: A-24642 | D22: 3 | E22: 2 | F22: - | G22: 110 | H22: - | J22: 80 | K22: - | M22: - | P22: - | Q22: - | R22: - | S22: #REF! | T22: -
A23: 40007493 | B23: MAKITAARMATURE629827-5 629927-5 8414DWAE | C23: 629827-5 | D23: 5 | E23: 1 | F23: - | G23: 367 | H23: - | J23: F20 | K23: 72 | M23: - | P23: - | Q23: - | R23: - | S23: #REF! | T23: -
A24: 40007583 | B24: MAKITA ZEROL LEVEL GERA 13 / 227412-4 | C24: 227412-4 | D24: 2 | E24: 0 | F24: - | G24: 224 | H24: - | J24: ZN06 | K24: - | M24: - | P24: - | Q24: - | R24: - | S24: #REF! | T24: -
A25: 40007582 | B25: MAKITA ZEROL LEVEL GEAR 19 / 227411-6 | C25: 227411-6 | D25: 2 | E25: 0 | F25: - | G25: 376 | H25: - | J25: CD07 | K25: - | M25: - | P25: - | Q25: - | R25: - | S25: #REF! | T25: -
A26: 40005361 | B26: MAKITA YOKE UNIT FOR DTD130 632U16-9 | C26: 632U16-9 | D26: 6 | E26: 8 | F26: - | G26: 122 | H26: - | J26: D8 | K26: -
A27: 40005785 | B27: MAKITA YOKE UNIT FOR BPB180 638420-4 | C27: 638420-4 | D27: 7 | E27: 0 | F27: - | G27: 321 | H27: - | J27: A6 | K27: -
A28: 40005933 | B28: MAKITA YOKE UNIT FOR BDF441 632J71-5 | C28: 632J71-5 | D28: 6 | E28: 4 | F28: - | G28: 175 | H28: - | J28: B17 | K28: -
A29: 40006123 | B29: MAKITA YOKE UNIT 638989-8 (BHP458) | C29: 638989-8 | D29: 3 | E29: 6 | F29: - | G29: 207 | H29: - | J29: B26 | K29: -
A30: 40006862 | B30: MAKITA YOKE UNIT 638627-2 | C30: 638627-2 | D30: 4 | E30: 0 | F30: - | G30: 365 | H30: - | J30: - | K30: 48
A31: 40006440 | B31: MAKITA YOKE UNIT 632J70-7 DHP482 | C31: 632J70-7 | D31: 98 | E31: 204 | F31: 7 | G31: 153 | H31: - | J31: WA64 | K31: -
A32: 40006063 | B32: MAKITA YOKE UNIT 638423-8 BHP450 | C32: 638423-8 | D32: 4 | E32: 1 | F32: - | G32: 119 | H32: - | J32: - | K32: AB23
A33: 40007738 | B33: MAKITA Y RING 45 213575-2 HM1305 | C33: 213575-2 | D33: 7 | E33: 0 | F33: - | G33: 46 | H33: - | J33: MA06 | K33: -
A34: 40006705 | B34: MAKITA Y RING 34 213494-2 | C34: 213494-2 | D34: 8 | E34: 6 | F34: - | G34: 46 | H34: - | J34: WA49 | K34: -
A35: 40007386 | B35: MAKITA Y RING 34 FOR HM1302 213477-2 | C35: 213477-2 | D35: 3 | E35: 1 | F35: - | G35: 56 | H35: - | J35: MA231 | K35: -
A36: 40010403 | B36: MAKITA X-RING 21 FOR HM1214C 213980-3 | C36: 213980-3 | D36: 4 | E36: 0 | F36: - | G36: 85 | H36: - | J36: MA254 | K36: -
A37: 40007734 | B37: MAKITA X RING 28 FOR HM0810 213428-5 | C37: 213428-5 | D37: 2 | E37: 5 | F37: - | G37: 69 | H37: - | I37: 2 | J37: ZO15 | K37: -
A38: 10044115 | B38: MAKITA WRENCH 22 FOR 3620 781011-1 | C38: 781011-1 | D38: 3 | E38: 1 | F38: - | G38: 30 | H38: - | J38: 48 | K38: -
A39: 10044116 | B39: MAKITA WRENCH 13 FOR PM001G 781039-9 | C39: 781039-9 | D39: 4 | E39: 1 | F39: - | G39: 19 | H39: - | J39: 48 | K39: -
A40: 40007374 | B40: MAKITA WORM UC4000 021245040 | C40: 021245040 | D40: 76 | E40: 0 | F40: - | G40: 8 | H40: - | J40: HH04 | K40: -
A41: 40006410 | B41: MAKITA WORM GEAR 221427-3 | C41: 221427-3 | D41: 4 | E41: 22 | F41: - | G41: 34 | H41: - | J41: GP32 | K41: -
A42: 40007962 | B42: MAKITA WORM GEAR 221422-3 /DCS6410 | C42: 221422-3 | D42: 10 | E42: 0 | F42: - | G42: 38 | H42: - | J42: MA158 | K42: -
A43: 10019853 | B43: MAKITA WOOL PAD 180MM 9227C 192629-7 | C43: 192629-7 | D43: 46 | E43: 343 | F43: - | G43: 256 | H43: - | I43: 50 | J43: 104 | K43: 102
A44: 10019912 | B44: MAKITA WOOL BONNET 180MM 7" 794176-0 | C44: 794176-0 | D44: 27 | E44: 49 | F44: - | G44: 371 | H44: - | J44: 104 | K44: -
A45: 40007855 | B45: MAKITA WOODRUFF KEY 254011-9 | C45: 254011-9 | D45: 90 | E45: 9 | F45: 1 | G45: 10 | H45: - | J45: MA42 | K45: -
A46: 40007643 | B46: MAKITA WOODRUFF 254002-0 | C46: 254002-0 | D46: 39 | E46: 70 | F46: 3 | G46: 5 | H46: - | J46: ZJ06 | K46: -
A47: 10019578 | B47: MAKITA WOOD DRILL BIT D-07054 | C47: D-07054 | D47: 7 | E47: 4 | F47: - | G47: 17 | H47: - | J47: 51 | K47: -
A48: 10019577 | B48: MAKITA WOOD DRILL BIT D-07032 | C48: D-07032 | D48: 6 | E48: 19 | F48: - | G48: 11 | H48: - | J48: 51 | K48: -
A49: 10019576 | B49: MAKITA WOOD DRILL BIT D-07026 | C49: D-07026 | D49: 3 | E49: 19 | F49: - | G49: 13 | H49: - | J49: 51 | K49: -
A50: 10018634 | B50: MAKITA WOOD DRILL BIT 18X335 D-07216 | C50: D-07216 | D50: 5 | E50: 4 | F50: - | G50: 140 | H50: - | J50: 54 | K50: -
A51: 10018632 | B51: MAKITA WOOD DRILL BIT 14X315 D-07191 | C51: D-07191 | D51: 8 | E51: 12 | F51: - | G51: 88 | H51: - | J51: 53 | K51: -
A52: 10019094 | B52: MAKITA WIRE CUP BRUSH 75MM D-24088 M10 | C52: D-24088 | D52: 30 | E52: 72 | F52: - | G52: 62 | H52: - | I52: 20 | J52: 83 | K52: -
A53: 10018620 | B53: MAKITA WIRE CUP BRUSH M10X1.50 D-24066 | C53: D-24066 | D53: 5 | E53: 25 | F53: - | G53: 53 | H53: - | J53: - | K53: -
A54: 10018195 | B54: MAKITA WIRE CUP BRUSH 100 M14X2 D-29555 | C54: D-29555 | D54: 23 | E54: 20 | F54: - | G54: 74 | H54: - | J54: 83 | K54: -
A55: 40006059 | B55: MAKITA WING NUT M6 934301-3 5806B | C55: 934301-3 | D55: 23 | E55: 32 | F55: - | G55: 10 | H55: - | J55: MA159 | K55: -
A56: 40005801 | B56: MAKITA WING BOLT M5X10 4100NH 924206-5 | C56: 924206-5 | D56: 17 | E56: 0 | F56: - | G56: 8 | H56: - | J56: MA221 | K56: -
A57: 40005686 | B57: MAKITA WING BOLT 924341-9 | C57: 924341-9 | D57: 3 | E57: 2 | F57: - | G57: 5 | H57: - | J57: MA37 | K57: -
A58: 10018202 | B58: MAKITA WIDE RANGE NOZZLE SET 191X19-5 | C58: 191X19-5 | D58: 1 | E58: 0 | F58: - | G58: 75 | H58: - | J58: - | K58: -
A59: 10019402 | B59: MAKITA WHEEL POINT DIE 794052-8 | C59: 794052-8 | D59: 16 | E59: 0 | F59: - | G59: 243 | H59: - | J59: 60 | K59: -
A60: 40005590 | B60: MAKITA WHEEL JM27000166 MLT100 | C60: JM27000166 | D60: 13 | E60: 3 | F60: - | G60: 46 | H60: - | J60: - | K60: 89
A61: 40006210 | B61: MAKITA WHEEL CVER COMPLT GA9020 154672-4 | C61: 154672-4 | D61: 1 | E61: 0 | F61: - | G61: 118 | H61: - | J61: - | K61: 83
A62: 40006099 | B62: MAKITA WHEEL COVER100AK 122885-5(GA4030) | C62: 122885-5 | D62: 17 | E62: 17 | F62: - | G62: 51 | H62: - | J62: WA68 | K62: -
A63: 40005445 | B63: MAKITA WHEEL COVER 125 347480-2 | C63: 347480-2 | D63: 1 | E63: 0 | F63: - | G63: 86 | H63: - | J63: - | K63: AA85
A64: 40005443 | B64: MAKITA WHEEL COVER 100 347478-9 | C64: 347478-9 | D64: 6 | E64: 0 | F64: - | G64: 355 | H64: - | J64: - | K64: AA45
A65: 40007232 | B65: MAKITA WHEEL 226213340 /UC4030A | C65: 226213340 | D65: 6 | E65: 0 | F65: - | G65: 37 | H65: - | J65: MA67 | K65: -
A66: 40010370 | B66: MAKITA WAVE WASHER 267785-3 | C66: 267785-3 | D66: 3 | E66: 2 | F66: - | G66: 7 | H66: - | J66: MA188 | K66: -
A67: 40006412 | B67: MAKITA WAVE WASHER 26 253906-3 | C67: 253906-3 | D67: 2 | E67: 3 | F67: - | G67: 6 | H67: - | J67: MA243 | K67: -
A68: 40006442 | B68: MAKITA WAVE WASHER 15 HR2470 267804-5 | C68: 267804-5 | D68: 7 | E68: 20 | F68: - | G68: 3 | H68: - | I68: 6 | J68: MA214 | K68: -
A69: 40006524 | B69: MAKITA WAVE WASHER 15 HR2453 267721-9 | C69: 267721-9 | D69: 1 | E69: 0 | F69: - | G69: 7 | H69: - | J69: WA49 | K69: -
A70: 40006342 | B70: MAKITA WAVE WASHER 10 LS1216 253932-2 | C70: 253932-2 | D70: 5 | E70: 4 | F70: - | G70: 3 | H70: - | J70: ZN06 | K70: -
A71: 40006075 | B71: MAKITA WAVE WASHER 267794-2 9556PB | C71: 267794-2 | D71: 52 | E71: 5 | F71: - | G71: 4 | H71: - | J71: MA80 | K71: -
A72: 40007375 | B72: MAKITA WASHER UC4000/3500/4030 221229180 | C72: 221229180 | D72: 11 | E72: 0 | F72: - | G72: 14 | H72: - | J72: MA20 | K72: -
A73: 40007545 | B73: MAKITA WASHER LANCE 40551 | C73: 40551 | D73: 4 | E73: 1 | F73: - | G73: 549 | H73: - | J73: - | K73: 80
A74: 40006335 | B74: MAKITA WASHER LANCE 40167 (HW151) | C74: 40167 | D74: 1 | E74: 0 | F74: - | G74: 495 | H74: - | J74: - | K74: 80
A75: 40006336 | B75: MAKITA WASHER HOSE 3640960 (HW121) | C75: 3640960 | D75: 1 | E75: 1 | F75: - | G75: 1132 | H75: - | J75: - | K75: 21
A76: 10019049 | B76: MAKITA WASHER GUN 41154 | C76: 41154 | D76: 9 | E76: 0 | F76: - | G76: 505 | H76: - | J76: - | K76: 79
A77: 40007538 | B77: MAKITA WASHER 927408000 DCS6400 | C77: 927408000 | D77: 4 | E77: 0 | F77: - | G77: 10 | H77: - | J77: MA208 | K77: -
A78: 40006375 | B78: MAKITA WASHER 325792-3 HR2601 | C78: 325792-3 | D78: 1 | E78: 0 | F78: - | G78: 18 | H78: - | J78: ZE14 | K78: -
A79: 40008085 | B79: MAKITA WASHER 30 267228-5 / HR2450 | C79: 267228-5 | D79: 1 | E79: 0 | F79: - | G79: 13 | H79: - | J79: MA234 | K79: -
A80: 40006294 | B80: MAKITA WASHER 267460-1 | C80: 267460-1 | D80: 17 | E80: 0 | F80: - | G80: 11 | H80: - | J80: ZM09 | K80: -
A81: 10019253 | B81: MAKITA WASHER 267143-3 (TD090D) | C81: 267143-3 | D81: 13 | E81: 33 | F81: - | G81: 3 | H81: - | J81: ZQ09 | K81: -
A82: 40007595 | B82: MAKITA WASHER 12 341377-7 1911B | C82: 341377-7 | D82: 7 | E82: 3 | F82: - | G82: 14 | H82: - | J82: HL01 | K82: -
A83: 40007593 | B83: MAKITA WASHER 10 341389-0 1911B | C83: 341389-0 | D83: 17 | E83: 2 | F83: - | G83: 2 | H83: - | J83: ZM03 | K83: -
A84: 10018518 | B84: MAKITA WALL CHASER 125MM SG1251J | C84: SG1251J | D84: 2 | E84: 7 | F84: - | G84: 10555 | H84: - | J84: STOCK | K84: -
A85: 40008045 | B85: MAKITA V-PULLY 4-37 222126-0 (N1900B) | C85: 222126-0 | D85: 1 | E85: 2 | F85: - | G85: 17 | H85: - | I85: 2 | J85: ZC12 | K85: -
A86: 40008046 | B86: MAKITA V-PULLY 222146-4 N1902 | C86: 222146-4 | D86: 7 | E86: 0 | F86: - | G86: 77 | H86: - | J86: ZK07 | K86: -
A87: 40008047 | B87: MAKITA V-PULLY 222145-6 N1902 | C87: 222145-6 | D87: 4 | E87: 0 | F87: - | G87: 41 | H87: - | J87: ZG04 | K87: -
A88: 40007275 | B88: MAKITA V-PULLY 222072-7 / 9045B | C88: 222072-7 | D88: 1 | E88: 0 | F88: - | G88: 28 | H88: - | J88: ZN13 | K88: -
A89: 40005382 | B89: MAKITA V-PULLEY 4-24L FOR 1911B 222050-7 | C89: 222050-7 | D89: 3 | E89: 0 | F89: - | G89: 89 | H89: - | J89: MA246 | K89: -
A90: 40006293 | B90: MAKITA V-PULLEY 3-25 222059-9 | C90: 222059-9 | D90: 1 | E90: 0 | F90: - | G90: 79 | H90: - | J90: ZN16 | K90: -
A91: 10018254 | B91: MAKITA VISE DML811/ ML003G GM00001396 | C91: GM00001396 | D91: 5 | E91: 0 | F91: - | G91: 301 | H91: - | J91: - | K91: AA09
A92: 40010402 | B92: MAKITA VISE ASSY 122854-6 | C92: 122854-6 | D92: 1 | E92: 4 | F92: - | G92: 280 | H92: - | J92: H14 | K92: AA86
A93: 40012277 | B93: MAKITA VALVES + WATER SEALS KIT 3640550 | C93: 3640550 | D93: 2 | E93: 1 | F93: - | G93: 378 | H93: - | J93: CP04 | K93: -
A94: 40005500 | B94: MAKITA VALVE FOR CL140FD 424208-6 | C94: 424208-6 | D94: 2 | E94: 0 | F94: - | G94: 8 | H94: - | J94: - | K94: AA45
A95: 40007920 | B95: MAKITA VALVE ASS'Y K0300-0671 AF301 | C95: K0300-0671 | D95: 5 | E95: 0 | F95: - | G95: 10 | H95: - | J95: ZP04 | K95: -
A96: 10018976 | B96: MAKITA VACUUMDIAMOND COREBIT 8MM D-63286 | C96: D-63286 | D96: 2 | E96: 2 | F96: - | G96: 230 | H96: - | J96: 73 | K96: -
A97: 10018980 | B97: MAKITA VACUUMDIAMOND COREBIT 6MM D-63270 | C97: D-63270 | D97: 3 | E97: 1 | F97: - | G97: 200 | H97: - | J97: 73 | K97: -
A98: 10018249 | B98: MAKITA VACUUM BRAZED DIAMOND D-63345 | C98: D-63345 | D98: 3 | E98: 3 | F98: - | G98: 362 | H98: - | J98: 73 | K98: -
A99: 10018144 | B99: MAKITA VACUMM CLEANER VC3210L | C99: VC3210L | D99: 3 | E99: 8 | F99: - | G99: 11205 | H99: 3 | J99: - | K99: HT11
A100: 40007991 | B100: MAKITA V PULLY 222060-4 / 2030 | C100: 222060-4 | D100: 2 | E100: 0 | F100: - | G100: 327 | H100: - | J100: ZM15 | K100: -
...

Sheet Sheet5
C3: Material | D3: MaterialDescription | E3: MODEL | G3: STOCK | H3: SR | I3: HM | N3: SHOP 137 S305 4430036854 | O3: QTY | P3: S002 | Q3: D004 | S3: 1 | T3: 1
C4: 10018620 | D4: MAKITA WIRE CUP BRUSH M10X1.50 D-24066 | E4: D-24066 | F4: SCM190202 | G4: 5 | L4: 30 | M4: 10019054 | N4: MAKITA DC DRIVER DRILL DDF482RTE 18V | P4: 15 | Q4: 16 | S4: 2 | T4: 5
C5: 10018202 | D5: MAKITA WIDE RANGE NOZZLE SET 191X19-5 | E5: 191X19-5 | F5: SCM190202 | G5: 1 | L5: 40 | M5: 10018720 | N5: MAKITA HAMMER DRILL 18V BL13MM DHP486RTE | O5: 3 | P5: 10 | Q5: 28 | S5: 3 | T5: 2
C6: 10048674 | D6: MAKITA USB ADAPTER XGT 40V ADP001G | E6: ADP001G | F6: SCM190202 | G6: 1 | L6: 80 | M6: 10013659 | N6: MAKITA DRILL DP4700 (13MM) 1/2" | O6: 5 | P6: 60 | Q6: 70 | S6: 4 | T6: 4
C7: 10018262 | D7: MAKITA TRIPOD DML811/ ML003G GM00002073 | E7: GM00002073 | F7: SCM190202 | G7: 1 | L7: 10 | M7: 10019274 | N7: MAKITA DRILL BIT WOOD D-07185 (12MM) | P7: 20 | S7: 5 | T7: 2
C8: 10050325 | D8: MAKITA TOOL BAG BLACK 60X20CM 199901-8 | E8: 199901-8 | F8: SCM190202 | G8: 1 | L8: 20 | M8: 10019272 | N8: MAKITA DRILL BIT WOOD D-07179 (10MM) | P8: 10 | S8: 6 | T8: 5
C9: 10018797 | D9: MAKITA TIE WIRE SET DTR181 199137-9 | E9: 199137-9 | F9: SCM190202 | G9: 3 | L9: 50 | M9: 10018680 | N9: MAKITA METAL DRILL BIT 19PCS D-67583 | P9: 9 | S9: 7 | T9: 20
C10: 40012067 | D10: MAKITA THIN WASHER 6 FOR 9741 253308-3 | E10: 253308-3 | F10: SCM200112 | G10: 1 | L10: 60 | M10: 10018115 | N10: MAKITA C-LESS HAMMER DRILL DHP484RTE | P10: 14 | S10: 8 | T10: 20
C11: 10018452 | D11: MAKITA THIN CUT-OFF WHEEL 6" E-13742 | E11: E-13742 | F11: SCM190103 | G11: 20 | L11: 70 | M11: 10018110 | N11: MAKITA C-LESS HMER DRILL HP332DSAE 12V | P11: 14 | S11: 9 | T11: 20
C12: 10049263 | D12: MAKITA TCT SAWBLADE EFF 260X60T B-67430 | E12: B-67430 | F12: SCM190101 | G12: 1 | S12: 10 | T12: 20
C13: 10019301 | D13: MAKITA TCT SAWBLADE 792299-8 50T 85MM | E13: 792299-8 | F13: SCM190101 | G13: 1 | N13: SHOP 137 S305 4430037210 | S13: 11 | T13: 2
C14: 10019339 | D14: MAKITA TCT SAW BLADE METAL B-23117 136MM | E14: B-23117 | F14: SCM190101 | G14: 3 | L14: 100 | M14: 10018889 | N14: MAKITA AC ROTARY HAMMER 18MM HR1840J | O14: 2 | P14: 12 | Q14: 6 | S14: 12 | T14: 10
C15: 10018519 | D15: MAKITA TCT SAW BLADE METAL E-12918 | E15: E-12918 | F15: SCM190101 | G15: 7 | L15: 40 | M15: 10013669 | N15: MAKITA HAMMER-DRILL HP1630(16MM) 5/8" | O15: 3 | P15: 26 | Q15: 18 | S15: 13 | T15: 20
C16: 10019114 | D16: MAKITA STRING TRIMMER HEADB-05131 | E16: B-05131 | F16: SCM190202 | G16: 1 | L16: 130 | M16: 10048673 | N16: MAKITA AC HAMMER DRILL 13MM M8103KX2BX | O16: 3 | P16: 17 | Q16: 63 | S16: 14 | T16: 2
C17: 10048008 | D17: MAKITA STAPLE 4X19-419J B-04438 | E17: B-04438 | F17: SCM190109 | G17: 2 | L17: 50 | M17: 10019666 | N17: MAKITA ANGLE GRINDER (TOGGLE) GA4031 4" | O17: 3 | P17: 64 | Q17: 77 | S17: 15 | T17: 2
C18: 10048007 | D18: MAKITA STAPLE 4X13-413J B-04416 | E18: B-04416 | F18: SCM190109 | G18: 4 | L18: 30 | M18: 10018873 | N18: MAKITA ANGLE GRINDER 100MM T 850W M9513B | O18: 5 | P18: 37 | Q18: 126 | S18: 16 | T18: 2
C19: 10048006 | D19: MAKITA STAPLE 4X10-410J B-04400 | E19: B-04400 | F19: SCM190109 | G19: 2 | L19: 120 | M19: 10041607 | N19: MAKITA AC COMBINATION HAMMER HR2670X5 | O19: 2 | P19: 26 | Q19: 169 | S19: 17 | T19: 1
C20: 10018735 | D20: MAKITA SEGMENTSAW 100 TMA046 B-64808 | E20: B-64808 | F20: SCM190101 | G20: 5 | L20: 10 | M20: 10018890 | N20: MAKITA AC POWER PLANER 82MMM 1902B | P20: 21 | S20: 18 | T20: 1
C21: 10019622 | D21: MAKITA SDS-PLUS BIT5X160 HR2450 D-00038 | E21: D-00038 | F21: SCM190102 | G21: 175 | L21: 20 | M21: 10018157 | N21: MAKITA BATTERY BL1850B 18V 197280-8 | P21: 76 | S21: 19 | T21: 2
C22: 10050718 | D22: MAKITA SDS-PLUS BIT 12X210 D-00234 | E22: D-00234 | F22: SCM190102 | G22: 2 | L22: 60 | M22: 10019966 | N22: MAKITA TCT SAWBLADE 8" A-81767 18T | P22: 26 | S22: 20 | T22: 2
C23: 10019017 | D23: MAKITA SDS-MAX NEMESIS B-19978(16X540mm) | E23: B-19978 | F23: SCM190102 | G23: 4 | L23: 70 | M23: 10020128 | N23: MAKITA ANGLE GRINDER 9500NB (100MM) 4" | P23: 56 | S23: 21 | T23: 1
C24: 10018011 | D24: MAKITA SDS-MAX DRILL BIT 40X570 D-34160 | E24: D-34160 | F24: SCM190102 | G24: 9 | L24: 80 | M24: 10019960 | N24: MAKITA CUT-OFF WHEEL 14" A-89545 (355MM) | P24: 950 | S24: 22 | T24: 1
C25: 10018009 | D25: MAKITA SDS-MAX DRILL BIT 40X370 D-34154 | E25: D-34154 | F25: SCM190102 | G25: 6 | L25: 90 | M25: 10013672 | N25: MAKITA HAMMER-DRILL HP2050 (20MM) 3/4" | P25: 20 | S25: 23 | T25: 5
C26: 10018007 | D26: MAKITA SDS-MAX DRILL BIT 38X570 D-34148 | E26: D-34148 | F26: SCM190102 | G26: 10 | L26: 110 | M26: 10018991 | N26: MAKITA AC HAMMER DRILL 16MM M8100B | P26: 13 | S26: 24 | T26: 5
C27: 10018005 | D27: MAKITA SDS-MAX DRILL BIT 38X370 D-34132 | E27: D-34132 | F27: SCM190102 | G27: 7 | L27: 140 | M27: 10018157 | N27: MAKITA BATTERY BL1850B 18V 197280-8 | P27: 76 | S27: 25 | T27: 2
C28: 10018003 | D28: MAKITA SDS-MAX DRILL BIT 35X570 D-34126 | E28: D-34126 | F28: SCM190102 | G28: 7 | L28: 150 | M28: 10049780 | N28: MAKITA TCT SAWBLADE 185X25.4X24T D-81262 | P28: 24 | S28: 26 | T28: 1
C29: 10018001 | D29: MAKITA SDS-MAX DRILL BIT 35X370 D-34110 | E29: D-34110 | F29: SCM190102 | G29: 9 | S29: 27 | T29: 1
C30: 10017999 | D30: MAKITA SDS-MAX DRILL BIT 32X570 D-34104 | E30: D-34104 | F30: SCM190102 | G30: 9 | N30: Shop No. 164 S. HULHUMEEDHOO | S30: 28 | T30: 4
C31: 10017997 | D31: MAKITA SDS-MAX DRILL BIT 32X370 D-34095 | E31: D-34095 | F31: SCM190102 | G31: 6 | L31: 60 | M31: 10018723 | N31: MAKITA AC HAMMER DRILL 10MM HP0300 | O31: 2 | P31: 14 | Q31: 12 | S31: 29 | T31: 2
C32: 10017995 | D32: MAKITA SDS-MAX DRILL BIT 30X570 D-34089 | E32: D-34089 | F32: SCM190102 | G32: 4 | L32: 280 | M32: 10018872 | N32: MAKITA FINISHING SANDER M9203B | O32: 2 | P32: 17 | Q32: 13 | S32: 30 | T32: 2
C33: 10017993 | D33: MAKITA SDS-MAX DRILL BIT 30X370 D-34073 | E33: D-34073 | F33: SCM190102 | G33: 6 | L33: 30 | M33: 10018742 | N33: MAKITA AC BLOWER M4001B | O33: 2 | P33: 18 | Q33: 14 | S33: 31 | T33: 5
C34: 10017991 | D34: MAKITA SDS-MAX DRILL BIT 28X370 D-34051 | E34: D-34051 | F34: SCM190102 | G34: 8 | L34: 80 | M34: 10018725 | N34: MAKITA AC HAMMER DRILL 16MM M0801B | O34: 2 | P34: 17 | Q34: 18 | S34: 32 | T34: 2
C35: 10017989 | D35: MAKITA SDS-MAX DRILL BIT 25X540 D-34045 | E35: D-34045 | F35: SCM190102 | G35: 6 | L35: 330 | M35: 10019084 | N35: MAKITA ROTARY HAMMER HR2470X5 24MM | O35: 2 | P35: 21 | Q35: 36 | S35: 33 | T35: 1
C36: 10017987 | D36: MAKITA SDS-MAX DRILL BIT 25X340 D-34665 | E36: D-34665 | F36: SCM190102 | G36: 2 | L36: 190 | M36: 10013719 | N36: MAKITA CIRCULAR SAW 5008MG (210MM)8-1/4" | O36: 3 | P36: 10 | Q36: 37 | S36: 34 | T36: 3
C37: 10017985 | D37: MAKITA SDS-MAX DRILL BIT 24X540 D-34659 | E37: D-34659 | F37: SCM190102 | G37: 6 | L37: 20 | M37: 10018878 | N37: MAKITA AC ANGLE GRINDER 9556HPG | O37: 2 | P37: 28 | Q37: 40 | S37: 35 | T37: 1
C38: 10017983 | D38: MAKITA SDS-MAX DRILL BIT 22X540 D-34637 | E38: D-34637 | F38: SCM190102 | G38: 9 | L38: 300 | M38: 10013692 | N38: MAKITA IMPACT DRIVER TD0101F | O38: 3 | P38: 41 | Q38: 40 | S38: 36 | T38: 2
C39: 10018579 | D39: MAKITA SDS-MAX DRILL BIT 16-340 D-33934 | E39: D-33934 | F39: SCM190102 | G39: 1 | L39: 10 | M39: 10018921 | N39: MAKITA AC ANGLE GRINDER 4" 720W M9506B | O39: 3 | P39: 6 | Q39: 48 | S39: 37 | T39: 3
C40: 10019435 | D40: MAKITA SDS MAX DRILL BIT A-19495 HR4000C | E40: A-19495 | F40: SCM190102 | G40: 1 | L40: 140 | M40: 10018652 | N40: MAKITA ANGLE GRINDER 9556HNG | O40: 2 | P40: 39 | Q40: 68 | S40: 38 | T40: 2
C41: 10048026 | D41: MAKITA SAWBLADE 136X20X48T METAL E-23391 | E41: E-23391 | F41: SCM190201 | G41: 2 | L41: 110 | M41: 10019666 | N41: MAKITA ANGLE GRINDER (TOGGLE) GA4031 4" | O41: 3 | P41: 64 | Q41: 77 | S41: 39 | T41: 2
C42: 10018603 | D42: MAKITA RECIPRO SAW BLADE METAL B-55837 | E42: B-55837 | F42: SCM190101 | G42: 2 | L42: 260 | M42: 10019678 | N42: MAKITA FINISHING SANDER BO3710 | O42: 3 | P42: 30 | Q42: 84 | S42: 40 | T42: 3
... C45: 40012061 | D45: MAKITA OUTER HOUSING 144661-7 | E45: 144661-7 | F45: SCM200112 | G45: 1 | L45: 120 | M45: 10018873 | N45: MAKITA ANGLE GRINDER 100MM T 850W M9513B | O45: 2 | P45: 37 | Q45: 126 | S45: 43 | T45: 5
C46: 10018196 | D46: MAKITA NOZZLE 7 SET FOR AS001G 191X13-7 | E46: 191X13-7 | F46: SCM190109 | G46: 1 | L46: 40 | M46: 10018724 | N46: MAKITA AC DRILL 10MM M0600B | O46: 2 | P46: 19 | S46: 44 | T46: 1
C47: 10018194 | D47: MAKITA NOZZLE 3 SET FOR AS001G 191X11-1 | E47: 191X11-1 | F47: SCM190109 | G47: 1 | L47: 50 | M47: 10018491 | N47: MAKITA AC DRILL 10MM M6001B | O47: 2 | P47: 22 | S47: 45 | T47: 5
C48: 10018198 | D48: MAKITA NOZZLE 13 SET FOR AS001G 191X15-3 | E48: 191X15-3 | F48: SCM190109 | G48: 1 | L48: 70 | M48: 10018915 | N48: MAKITA AC HAMMER DRILL 13MM M8103B | O48: 2 | P48: 15 | S48: 46 | T48: 2
C49: 10044102 | D49: MAKITA NET SANDING DISC A80 D-78651 | E49: D-78651 | F49: SCM190103 | G49: 1 | L49: 90 | M49: 10018991 | N49: MAKITA AC HAMMER DRILL 16MM M8100B | O49: 2 | P49: 13 | S49: 47 | T49: 20
C50: 10044100 | D50: MAKITA NET SANDING DISC A320 D-78695 | E50: D-78695 | F50: SCM190103 | G50: 2 | L50: 100 | M50: 10018890 | N50: MAKITA AC POWER PLANER 82MMM 1902B | O50: 2 | P50: 21 | S50: 48 | T50: 5
C51: 10044099 | D51: MAKITA NET SANDING DISC A180 D-78673 | E51: D-78673 | F51: SCM190103 | G51: 1 | L51: 130 | M51: 10020128 | N51: MAKITA ANGLE GRINDER 9500NB (100MM) 4" | O51: 2 | P51: 56 | S51: 49 | T51: 3
C52: 10044101 | D52: MAKITA NET SANDING DISC A120 D-78667 | E52: D-78667 | F52: SCM190103 | G52: 1 | L52: 150 | M52: 10019166 | N52: MAKITA CHAIN BLADE 16" 196521-9 (5016B) | O52: 10 | P52: 29 | S52: 50 | T52: 20
C53: 10044107 | D53: MAKITA NET SANDING DELTA A80 D-78891 | E53: D-78891 | F53: SCM190104 | G53: 1 | L53: 160 | M53: 10018269 | N53: MAKITA CHAINBLADE 16" 191H12-3 (UC4000) | O53: 25 | P53: 320 | S53: 51 | T53: 3
C54: 10044105 | D54: MAKITA NET SANDING DELTA A320 D-78938 | E54: D-78938 | F54: SCM190104 | G54: 1 | L54: 170 | M54: 10020012 | N54: MAKITA CHAINBLADE 20" 528099672 DCS6400 | O54: 10 | P54: 12 | S54: 52 | T54: 2
C55: 10044103 | D55: MAKITA NET SANDING DELTA A240 D-78922 | E55: D-78922 | F55: SCM190104 | G55: 1 | L55: 180 | M55: 10019967 | N55: MAKITA CHAINBLADE 24"528099684/DCS7300 | O55: 2 | P55: 17 | S55: 53 | T55: 2
C56: 10044104 | D56: MAKITA NET SANDING DELTA A180 D-78916 | E56: D-78916 | F56: SCM190104 | G56: 1 | L56: 210 | M56: 10019445 | N56: MAKITA COMBO KIT LCT204 | O56: 3 | P56: 18 | S56: 54 | T56: 2
C57: 10044106 | D57: MAKITA NET SANDING DELTA A120 D-78900 | E57: D-78900 | F57: SCM190104 | G57: 1 | L57: 220 | M57: 10019949 | N57: MAKITA CUT OFF WHEEL 12" A-88456 (2412N) | O57: 2 | P57: 115
C58: 10032259 | D58: MAKITA NEMESIS IISDS PLUS 5X115 B-58796 | E58: B-58796 | F58: SCM190102 | G58: 1 | L58: 230 | M58: 10019960 | N58: MAKITA CUT-OFF WHEEL 14" A-89545 (355MM) | O58: 3 | P58: 950
C59: 10032260 | D59: MAKITA NEMESIS IISDS PLUS 10X165 B-58914 | E59: B-58914 | F59: SCM190102 | G59: 3 | L59: 240 | M59: 10041628 | N59: MAKITA CUT-OFF WHEEL 4" Z60V E-22931 | O59: 25 | P59: 177
C60: 10018245 | D60: MAKITA MULTI TOOL STARLOCK SET B-67505 | E60: B-67505 | F60: SCM190106 | G60: 5 | L60: 270 | M60: 10020113 | N60: MAKITA FINISHING SANDER BO4556 | O60: 5 | P60: 32
C61: 40012205 | D61: MAKITA MOTOR FOR HW151 44499 | E61: 44499 | F61: SCM200105 | G61: 1 | L61: 290 | M61: 10020058 | N61: MAKITA GRINDING WHEEL 4" A-80852 | O61: 2 | P61: 1242
C62: 10045290 | D62: MAKITA MEDIUM TOOL BOX T-90037 | E62: T-90037 | F62: SCM190202 | G62: 1 | L62: 310 | M62: 10019931 | N62: MAKITA KEYLESS DRILL 6413 10MM | O62: 10 | P62: 16
C63: 40010340 | D63: MAKITA MAKITA GASKET 965531131 (DCS6400) | E63: 965531131 | F63: SCM200112 | G63: 7 | L63: 320 | M63: 10018922 | N63: MAKITA PLANER BLADE 82MM MT190 D-16346 | O63: 2 | P63: 120
C64: 10045287 | D64: MAKITA LOW-PROFILE MEDIUM ORG T-90059 | E64: T-90059 | F64: SCM190202 | G64: 1 | L64: 340 | M64: 10018437 | N64: MAKITA THIN CUT-OFF WHEEL 4" SS E-03028 | O64: 20 | P64: 147
C65: 40012164 | D65: MAKITA INNER FLANGE 29B DGA406 224492-1 | E65: 224492-1 | F65: SCM200112 | G65: 18
C66: 10018581 | D66: MAKITA HULL SAW 11UX13 B-01155 | E66: B-01155 | F66: SCM190202 | G66: 1
C67: 10018823 | D67: MAKITA HSS-G DRILL BIT 2.0X49 D-09662 | E67: D-09662 | F67: SCM190102 | G67: 2
C68: 40012165 | D68: MAKITA HEX WRENCH 5 5806B 783217-7 | E68: 783217-7 | F68: SCM200112 | G68: 5
C69: 10019624 | D69: MAKITA GUIDE RAIL FOR SP6000 194368-5 | E69: 194368-5 | F69: SCM190110 | G69: 8
C70: 10018070 | D70: MAKITA GUIDE RAIL FOR SP6000 194367-7 | E70: 194367-7 | F70: SCM190110 | G70: 10
C71: 10018363 | D71: MAKITA GUIDE RAIL 1.9M 194925-9 | E71: 194925-9 | F71: SCM190110 | G71: 3
C72: 10044114 | D72: MAKITA GUIDE BAR 6 (80TXL) 1912F1-4 | E72: 1912F1-4 | F72: SCM190202 | G72: 3
C73: 10044113 | D73: MAKITA GUIDE BAR 4" 1910W0-3 | E73: 1910W0-3 | F73: SCM190202 | G73: 2
C74: 40012337 | D74: MAKITA GEAR ASSEMBLY DF001G 122K15-4 | E74: 122K15-4 | F74: SCM200110 | G74: 2
C75: 10018326 | D75: MAKITA FLUSH TRIM BIT FLUTE 1/2" D-62848 | E75: D-62848 | F75: SCM190102 | G75: 2
C76: 10018204 | D76: MAKITA FLEXIBLE NOZZLE SET 191X21-8 | E76: 191X21-8 | F76: SCM190202 | G76: 1
... C140: 40007596 | D140: MAKITA TURN BASE CPL 154659-6 LS0714 | E140: 154659-6 | F140: SCM200109 | G140: 1
C141: 40012461 | D141: MAKITA SQUARE ROD CPL 153580-6 | E141: 153580-6 | G141: 1
C142: 40012463 | D142: MAKITA ARM HOLDER COMPLETE 153482-6 | E142: 153482-6 | G142: 1
C143: 40012464 | D143: MAKITA ARM CPL 153463-0 | E143: 153463-0 | G143: 1
C144: 40012465 | D144: MAKITA FRONT ARM CPL 153462-2 | E144: 153462-2 | G144: 1
C145: 40012468 | D145: MAKITA ARM 141F27-8 | E145: 141F27-8 | G145: 1
C146: 40012469 | D146: MAKITA SAW CHAIN 6'' 1912E8-3 | E146: 1912E8-3 | G146: 8
C147: 40012478 | D147: MAKITA SWITCH COVER FOR BHR241 424111-1 | E147: 424111-1 | G147: 1
C148: 40010227 | D148: MAKITA FIELD 634293-3 FOR 9227C | E148: 634293-3 | F148: SCM200102 | G148: 2
C149: 40012151 | D149: MAKITA SWITCH LEVER LS1040 415999-0 | E149: 415999-0 | F149: SCM200112 | G149: 6
C150: 40012518 | D150: MAKITA POLYURETHANE SPONGE SEAL 424436-3 | E150: 424436-3 | F150: SCM200112 | G150: 5
C151: 40012520 | D151: MAKITA HANDLE COVER CPL LS1016 158981-3 | E151: 158981-3 | F151: SCM200112 | G151: 1
C152: 40012524 | D152: MAKITA BALANCER BO4556 313141-6 | E152: 313141-6 | F152: SCM200112 | G152: 5
C153: 40012526 | D153: MAKITA GUIDE RULE FOR LS1013 316840-9 | E153: 316840-9 | F153: SCM200112 | G153: 2
C154: 40012527 | D154: MAKITA LOCK OFF LEVER LS1013 416000-4 | E154: 416000-4 | F154: SCM200112 | G154: 3
C155: 40012528 | D155: MAKITA SWITCH COVER BO4556 424039-3 | E155: 424039-3 | F155: SCM200112 | G155: 6
C156: 40012531 | D156: MAKITA CONTROLLER LS1013 631221-9 | E156: 631221-9 | F156: SCM200112 | G156: 1
C157: 40012533 | D157: MAKITA BATTERY 10.8V CL104D 632C23-4 | E157: 632C23-4 | F157: SCM200112 | G157: 1
C158: 40012537 | D158: MAKITA BASE COMPLETE BO4540 151232-3 | E158: 151232-3 | F158: SCM200109 | G158: 1
C159: 40011751 | D159: MAKITA INNER FLANGE 29 224491-3 | E159: 224491-3 | F159: SCM200112 | G159: 137

Sheet Sheet2
C1: 10018874 | D1: MAKITA TRIMMER 6MM M3700B | E1: M3700B | F1: 47 | G1: 207 | H1: 1342.59 | I1: =H1*1.08 -> 1449.9972 | J1: 0.08 | K1: 1235.1852 | L1: 1334 | N1: Material | O1: Material Description | P1: Plnt | Q1: Unrestr. | S1: Material | T1: Material Description | U1: Unrestr.
C2: 10020105 | D2: MAKITA TABLE SAW 255MM MLT100 (10") | E2: MLT100 | F2: 26 | G2: 65 | H2: 11819.44 | I2: =H2*1.08 -> 12764.995 | J2: 0.1 | K2: 10637.037 | L2: 11488 | N2: 10013659 | O2: MAKITA DRILL DP4700 (13MM) 1/2" | P2: D004 | Q2: 115 | S2: 10013659 | T2: MAKITA DRILL DP4700 (13MM) 1/2" | U2: S002 | V2: 45 | W2: =VLOOKUP(S2,STOCK!A:C,3,0) -> DP4700 | Z2: Material | AB2: Material Description | AC2: PRICE
C3: 10018188 | D3: MAKITA SLOT CUT SAW 118MM CA5000X | E3: CA5000X | F3: 4 | G3: 8 | H3: 10662.04 | I3: =H3*1.08 -> 11515.003 | J3: 0.15 | K3: 9062.963 | L3: 9788 | N3: 10013669 | O3: MAKITA HAMMER-DRILL HP1630(16MM) 5/8" | P3: D004 | Q3: 24 | S3: 10013665 | T3: MAKITA C-LESS IMPACTDRVR TD090DWE 10.8V | U3: S002 | V3: 3 | W3: =VLOOKUP(S3,STOCK!A:C,3,0) -> TD090DWE | Z3: 10018727 | AA3: =VLOOKUP(Z3,STOCK!A:C,3,0) -> 3711 | AB3: MAKITA AC TRIMMER 6MM 3711 | AC3: =VLOOKUP(Z3,STOCK!A:G,7,0) -> 2150
C4: 10018593 | D4: MAKITA SLIDE COMPOUND SAW LS1019L | E4: LS1019L | F4: 15 | G4: 65 | H4: 14814.81 | I4: =H4*1.08 -> 15999.995 | J4: 0.1 | K4: 13333.333 | L4: 14400 | N4: 10013671 | O4: MAKITA DRILL 6412 (10MM) 3/8" | P4: D004 | Q4: 16 | S4: 10013669 | T4: MAKITA HAMMER-DRILL HP1630(16MM) 5/8" | U4: S002 | V4: 29 | W4: =VLOOKUP(S4,STOCK!A:C,3,0) -> HP1630 | Z4: 10013671 | AA4: =VLOOKUP(Z4,STOCK!A:C,3,0) -> 6412 | AB4: MAKITA DRILL 6412 (10MM) 3/8" | AC4: =VLOOKUP(Z4,STOCK!A:G,7,0) -> 1244
C5: 10020106 | D5: MAKITA SLIDE COMPOUND SAW LS0714 (7-1/2" | E5: LS0714 | F5: 5 | G5: 55 | H5: 10648.15 | I5: =H5*1.08 -> 11500.002 | J5: 0.1 | K5: 9583.3333 | L5: 10350 | N5: 10013672 | O5: MAKITA HAMMER-DRILL HP2050 (20MM) 3/4" | P5: D004 | Q5: 4 | S5: 10013671 | T5: MAKITA DRILL 6412 (10MM) 3/8" | U5: S002 | V5: 31 | W5: =VLOOKUP(S5,STOCK!A:C,3,0) -> 6412 | Z5: 10019931 | AA5: =VLOOKUP(Z5,STOCK!A:C,3,0) -> 6413 | AB5: MAKITA KEYLESS DRILL 6413 10MM | AC5: =VLOOKUP(Z5,STOCK!A:G,7,0) -> 1345
C6: 10018630 | D6: MAKITA SLIDE COMPOUND SAW 305MM LS1219L | E6: LS1219L | F6: 5 | G6: 39 | H6: 17013.89 | I6: =H6*1.08 -> 18375.001 | J6: 0.1 | K6: 15312.963 | L6: 16538 | N6: 10013684 | O6: MAKITA ROTARY HAMMER HR2810(3MODE) 28MM | P6: D004 | Q6: 25 | S6: 10013672 | T6: MAKITA HAMMER-DRILL HP2050 (20MM) 3/4" | U6: S002 | V6: 16 | W6: =VLOOKUP(S6,STOCK!A:C,3,0) -> HP2050 | Z6: 10013727 | AA6: =VLOOKUP(Z6,STOCK!A:C,3,0) -> 4327M | AB6: MAKITA JIGSAW 4327M (HOLE TYPE) | AC6: =VLOOKUP(Z6,STOCK!A:G,7,0) -> 1698
C7: 10019684 | D7: MAKITA SLIDE COMPOUND SAW 260MM LS1018L | E7: LS1018L | F7: 45 | G7: 128 | H7: 12101.85 | I7: =H7*1.08 -> 13069.998 | J7: 0.08 | K7: 11133.333 | L7: 12024 | N7: 10013692 | O7: MAKITA IMPACT DRIVER TD0101F | P7: D004 | Q7: 75 | S7: 10013673 | T7: MAKITA HAMMER-DRILL HP2070 (20MM) 3/4" | U7: S002 | V7: 10 | W7: =VLOOKUP(S7,STOCK!A:C,3,0) -> HP2070 | Z7: 10013716 | AA7: =VLOOKUP(Z7,STOCK!A:C,3,0) -> 5806B | AB7: MAKITA CIRCULAR SAW 5806B (185MM) 7-1/4" | AC7: =VLOOKUP(Z7,STOCK!A:G,7,0) -> 3230
C8: 10018159 | D8: MAKITA SHEAR WRENCH 6924N | E8: 6924N | F8: 1 | G8: 0 | H8: 5569.44 | I8: =H8*1.08 -> 6014.9952 | J8: 0.2 | K8: 4455.5556 | L8: 4812 | N8: 10013716 | O8: MAKITA CIRCULAR SAW 5806B (185MM) 7-1/4" | P8: D004 | Q8: 205 | S8: 10013683 | T8: MAKITA DEMOLITION HAMMER HM1306 (30MM) | U8: S002 | V8: 4 | W8: =VLOOKUP(S8,STOCK!A:C,3,0) -> HM1306 | Z8: 10020128 | AA8: =VLOOKUP(Z8,STOCK!A:C,3,0) -> 9500NB | AB8: MAKITA ANGLE GRINDER 9500NB (100MM) 4" | AC8: =VLOOKUP(Z8,STOCK!A:G,7,0) -> 2645
C9: 10019219 | D9: MAKITA SCROLL SAW SJ401 | E9: SJ401 | F9: 3 | G9: 3 | H9: 5407.41 | I9: =H9*1.08 -> 5840.0028 | J9: 0.15 | K9: 4596.2963 | L9: 4964 | N9: 10013719 | O9: MAKITA CIRCULAR SAW 5008MG (210MM)8-1/4" | P9: D004 | Q9: 39 | S9: 10013684 | T9: MAKITA ROTARY HAMMER HR2810(3MODE) 28MM | U9: S002 | V9: 9 | W9: =VLOOKUP(S9,STOCK!A:C,3,0) -> HR2810 | Z9: 10018652 | AA9: =VLOOKUP(Z9,STOCK!A:C,3,0) -> 9556HNG | AB9: MAKITA ANGLE GRINDER 9556HNG | AC9: =VLOOKUP(Z9,STOCK!A:G,7,0) -> 1659
C10: 10019813 | D10: MAKITA ROUTER 8MM RP0900 | E10: RP0900 | F10: 33 | G10: 71 | H10: 2342.59 | I10: =H10*1.08 -> 2529.9972 | J10: 0.1 | K10: 2108.3333 | L10: 2277 | N10: 10013721 | O10: MAKITA COMPOUND MITER SAW LS1040 10-1/4" | P10: D004 | Q10: 12 | S10: 10013692 | T10: MAKITA IMPACT DRIVER TD0101F | U10: S002 | V10: 37 | W10: =VLOOKUP(S10,STOCK!A:C,3,0) -> TD0101F | Z10: 10018878 | AA10: =VLOOKUP(Z10,STOCK!A:C,3,0) -> 9556HPG | AB10: MAKITA AC ANGLE GRINDER 9556HPG | AC10: =VLOOKUP(Z10,STOCK!A:G,7,0) -> 1415
C11: 10013684 | D11: MAKITA ROTARY HAMMER HR2810(3MODE) 28MM | E11: HR2810 | F11: 25 | G11: 140 | H11: 6166.67 | I11: =H11*1.08 -> 6660.0036 | J11: 0.08 | K11: 5673.1481 | L11: 6127 | N11: 10013727 | O11: MAKITA JIGSAW 4327M (HOLE TYPE) | P11: D004 | Q11: 20 | S11: 10013698 | T11: MAKITA POWER PLANER 1911B (4-3/8") 110MM | U11: S002 | V11: 8 | W11: =VLOOKUP(S11,STOCK!A:C,3,0) -> 1911B | Z11: 10019678 | AA11: =VLOOKUP(Z11,STOCK!A:C,3,0) -> BO3710 | AB11: MAKITA FINISHING SANDER BO3710 | AC11: =VLOOKUP(Z11,STOCK!A:G,7,0) -> 1593
C12: 10019084 | D12: MAKITA ROTARY HAMMER HR2470X5 24MM | E12: HR2470X5 | F12: 131 | G12: 515 | H12: 4259.26 | I12: =H12*1.08 -> 4600.0008 | J12: 0.08 | K12: 3918.5185 | L12: 4232 | N12: 10017895 | O12: MAKITA AC VACUUM CLEANER 20L VC2000L | P12: D004 | Q12: 3 | S12: 10013704 | T12: MAKITA PLANER 2012NB (304MM) 12" | U12: S002 | V12: 3 | W12: =VLOOKUP(S12,STOCK!A:C,3,0) -> 2012NB | Z12: 10019588 | AA12: =VLOOKUP(Z12,STOCK!A:C,3,0) -> BO5031 | AB12: MAKITA ORBITAL SANDER BO5031 ( 123MM) | AC12: =VLOOKUP(Z12,STOCK!A:G,7,0) -> 2870
C13: 10019841 | D13: MAKITA POWER PLANER KP0800X 3-1/4" | E13: KP0800X | F13: 71 | G13: 320 | H13: 3685.19 | I13: =H13*1.08 -> 3980.0052 | J13: 0.08 | K13: 3390.7407 | L13: 3662 | N13: 10017898 | O13: MAKITA DC HAMMER DRIVER DRILL DHP487RFJ | P13: D004 | Q13: 24 | S13: 10013710 | T13: MAKITA CIRCULAR SAW 5103N(335MM) 13-1/8" | U13: S002 | V13: 4 | W13: =VLOOKUP(S13,STOCK!A:C,3,0) -> 5103N | Z13: 10018660 | AA13: =VLOOKUP(Z13,STOCK!A:C,3,0) -> CLX224SAX1 | AB13: MAKITA COMBO KIT CLX224SAX1 | AC13: =VLOOKUP(Z13,STOCK!A:G,7,0) -> 5493
C14: 10013698 | D14: MAKITA POWER PLANER 1911B (4-3/8") 110MM | E14: 1911B | F14: 23 | G14: 64 | H14: 4966.67 | I14: =H14*1.08 -> 5364.0036 | J14: 0.1 | K14: 4470.3704 | L14: 4828 | N14: 10017904 | O14: MAKITA DC CLEANER 40V CL003GZ14 | P14: D004 | Q14: 9 | S14: 10013713 | T14: MAKITA CIRCULAR SAW N5900B (235MM)9-1/4" | U14: S002 | V14: 9 | W14: =VLOOKUP(S14,STOCK!A:C,3,0) -> N5900B | Z14: 10018170 | AA14: =VLOOKUP(Z14,STOCK!A:C,3,0) -> DHP482RFX1 | AB14: MAKITA C-LESS HAMMER DRILL DHP482RFX1 | AC14: =VLOOKUP(Z14,STOCK!A:G,7,0) -> 7350
... C32: 10018142 | D32: MAKITA LASER DISTANCE MEASURE LD030P 30M | E32: LD030P | F32: 5 | G32: 5 | H32: 1731.48 | I32: =H32*1.08 -> 1869.9984 | J32: 0.08 | K32: 1592.5926 | L32: 1720 | N32: 10018590 | O32: MAKITA C-LESS CIRCULAR SAW DSS610RTE | P32: D004 | Q32: 6 | S32: 10017908 | T32: MAKITA DC DRIVER DRILL BL 40V DF002GZ | U32: S002 | V32: 5 | W32: =VLOOKUP(S32,STOCK!A:C,3,0) -> DF002GZ | Z32: 10019051 | AA32: =VLOOKUP(Z32,STOCK!A:C,3,0) -> LW1401 | AB32: MAKITA CUTOFF MACHINE 14"(355MM) LW1401 | AC32: =VLOOKUP(Z32,STOCK!A:G,7,0) -> 5315
C33: 10019931 | D33: MAKITA KEYLESS DRILL 6413 10MM | E33: 6413 | F33: 86 | G33: 258 | H33: 1245.37 | I33: =H33*1.08 -> 1344.9996 | J33: 0.08 | K33: 1145.3704 | L33: 1237 | N33: 10018593 | O33: MAKITA SLIDE COMPOUND SAW LS1019L | P33: D004 | Q33: 16 | S33: 10017909 | T33: MAKITA DC HAMMER DRIVER 18V BL DHP489Z | U33: S002 | V33: 7 | W33: =VLOOKUP(S33,STOCK!A:C,3,0) -> DHP489Z | Z33: 10018890 | AA33: =VLOOKUP(Z33,STOCK!A:C,3,0) -> M1902B | AB33: MAKITA AC POWER PLANER 82MMM 1902B | AC33: =VLOOKUP(Z33,STOCK!A:G,7,0) -> 1900
C34: 10013727 | D34: MAKITA JIGSAW 4327M (HOLE TYPE) | E34: 4327M | F34: 66 | G34: 209 | H34: 1572.22 | I34: =H34*1.08 -> 1697.9976 | J34: 0.08 | K34: 1446.2963 | L34: 1562 | N34: 10018647 | O34: MAKITA C-LESS METAL SAW DCS552Z (5") | P34: D004 | Q34: 1 | S34: 10017910 | T34: MAKITA DC COMBI HAMMER DHR183Z | U34: S002 | V34: 3 | W34: =VLOOKUP(S34,STOCK!A:C,3,0) -> DHR183Z | Z34: 10018875 | AA34: =VLOOKUP(Z34,STOCK!A:C,3,0) -> M2401B | AB34: MAKITA PORTABLE CUT-OFF 355MM M2401B | AC34: =VLOOKUP(Z34,STOCK!A:G,7,0) -> 3695
C35: 10019356 | D35: MAKITA JIG SAW JV0600K (PIN) | E35: JV0600K | F35: 60 | G35: 254 | H35: 2760.19 | I35: =H35*1.08 -> 2981.0052 | J35: 0.08 | K35: 2539.8148 | L35: 2743 | N35: 10018652 | O35: MAKITA ANGLE GRINDER 9556HNG | P35: D004 | Q35: 92 | S35: 10017911 | T35: MAKITA DC CUTTER 18V BL 76MM DMC300Z | U35: S002 | V35: 5 | W35: =VLOOKUP(S35,STOCK!A:C,3,0) -> DMC300Z | Z35: 10018874 | AA35: =VLOOKUP(Z35,STOCK!A:C,3,0) -> M3700B | AB35: MAKITA TRIMMER 6MM M3700B | AC35: =VLOOKUP(Z35,STOCK!A:G,7,0) -> 1450
C36: 10018560 | D36: MAKITA JIG SAW 12V JV101DSAE | E36: JV101DSAE | F36: 11 | G36: 18 | H36: 4120.37 | I36: =H36*1.08 -> 4449.9996 | J36: 0.1 | K36: 3708.3333 | L36: 4005 | N36: 10018659 | O36: MAKITA DRILL 6305 (13MM) 1/2" | P36: D004 | Q36: 9 | S36: 10017912 | T36: MAKITA DC BAND SAW 18V 64MM DPB182Z | U36: S002 | V36: 1 | W36: =VLOOKUP(S36,STOCK!A:C,3,0) -> DPB182Z | Z36: 10018892 | AA36: =VLOOKUP(Z36,STOCK!A:C,3,0) -> M4000B | AB36: MAKITA AC BLOWER M4000B | AC36: =VLOOKUP(Z36,STOCK!A:G,7,0) -> 1225
C37: 10019233 | D37: MAKITA IMPACT WRENCH TW0350 12.7MM | E37: TW0350 | F37: 5 | G37: 9 | H37: 5300 | I37: =H37*1.08 -> 5724 | J37: 0.1 | K37: 4770.3704 | L37: 5152 | N37: 10018660 | O37: MAKITA COMBO KIT CLX224SAX1 | P37: D004 | Q37: 102 | S37: 10017915 | T37: MAKITA DC HEDGE TRIMMER 18V DUH751Z | U37: S002 | V37: 1 | W37: =VLOOKUP(S37,STOCK!A:C,3,0) -> DUH751Z | Z37: 10018896 | AA37: =VLOOKUP(Z37,STOCK!A:C,3,0) -> M5801B | AB37: MAKITA AC CIRCULAR SAW 185MM M5801B | AC37: =VLOOKUP(Z37,STOCK!A:G,7,0) -> 2025
C38: 10018432 | D38: MAKITA IMPACT WRENCH 18V BL DTW300RTJ | E38: DTW300RTJ | F38: 16 | G38: 33 | H38: 9393.52 | I38: =H38*1.08 -> 10145.002 | J38: 0.1 | K38: 8454.6296 | L38: 9131 | N38: 10018661 | O38: MAKITA HEAT GUN HG5030 | P38: D004 | Q38: 23 | S38: 10017924 | T38: MAKITA DC CIRCULAR SAW 40V 9" HS010GZ | U38: S002 | V38: 2 | W38: =VLOOKUP(S38,STOCK!A:C,3,0) -> HS010GZ | Z38: 10018491 | AA38: =VLOOKUP(Z38,STOCK!A:C,3,0) -> M6001B | AB38: MAKITA AC DRILL 10MM M6001B | AC38: =VLOOKUP(Z38,STOCK!A:G,7,0) -> 1110
C39: 10013692 | D39: MAKITA IMPACT DRIVER TD0101F | E39: TD0101F | F39: 249 | G39: 844 | H39: 1829.63 | I39: =H39*1.08 -> 1976.0004 | J39: 0.08 | K39: 1683.3333 | L39: 1818 | N39: 10018703 | O39: MAKITA DC CIRCULAR SAW 18V 165MM DSS610Z | P39: D004 | Q39: 6 | S39: 10017926 | T39: MAKITA DC CIRCULAR SAW 40V 6" HS012GZ | U39: S002 | V39: 2 | W39: =VLOOKUP(S39,STOCK!A:C,3,0) -> HS012GZ | Z39: 10018898 | AA39: =VLOOKUP(Z39,STOCK!A:C,3,0) -> M9200B | AB39: MAKITA AC FINISHING SANDER M9200B | AC39: =VLOOKUP(Z39,STOCK!A:G,7,0) -> 1032
C40: 10018428 | D40: MAKITA IMPACT DRIVER 18V BL DTD153RTE | E40: DTD153RTE | F40: 15 | G40: 14 | H40: 7990.74 | I40: =H40*1.08 -> 8629.9992 | J40: 0.1 | K40: 7191.6667 | L40: 7767 | N40: 10018708 | O40: MAKITA DC HAMMER DRILL 40V BL HP002GA201 | P40: D004 | Q40: 2 | S40: 10017927 | T40: MAKITA DC REBAR TYING TOOL 18V DTR181Z | U40: S002 | V40: 3 | W40: =VLOOKUP(S40,STOCK!A:C,3,0) -> DTR181Z | Z40: 10018872 | AA40: =VLOOKUP(Z40,STOCK!A:C,3,0) -> M9203B | AB40: MAKITA FINISHING SANDER M9203B | AC40: =VLOOKUP(Z40,STOCK!A:G,7,0) -> 1425
C41: 10019342 | D41: MAKITA HIGH PRESSURE WASHER HW151 | E41: HW151 | F41: 5 | G41: 7 | H41: 15942.59 | I41: =H41*1.08 -> 17217.997 | J41: 0.1 | K41: 14348.148 | L41: 15496 | N41: 10018720 | O41: MAKITA HAMMER DRILL 18V BL13MM DHP486RTE | P41: D004 | Q41: 42 | S41: 10017929 | T41: MAKITA DC IMPACT WRENCH 18V DTW700Z | U41: S002 | V41: 1 | W41: =VLOOKUP(S41,STOCK!A:C,3,0) -> DTW700Z | Z41: 10018900 | AA41: =VLOOKUP(Z41,STOCK!A:C,3,0) -> M9204B | AB41: MAKITA AC ORBIT SANDER 125MM M9204B | AC41: =VLOOKUP(Z41,STOCK!A:G,7,0) -> 1440
C42: 10019535 | D42: MAKITA HIGH PRESSURE WASHER HW102 | E42: HW102 | F42: 32 | G42: 59 | H42: 2652.78 | I42: =H42*1.08 -> 2865.0024 | J42: 0.1 | K42: 2387.963 | L42: 2579 | N42: 10018723 | O42: MAKITA AC HAMMER DRILL 10MM HP0300 | P42: D004 | Q42: 15 | S42: 10017932 | T42: MAKITA DC PLANER 40V BL AWS 82MM KP001GZ | U42: S002 | V42: 2 | W42: =VLOOKUP(S42,STOCK!A:C,3,0) -> KP001GZ | Z42: 10018921 | AA42: =VLOOKUP(Z42,STOCK!A:C,3,0) -> M9506B | AB42: MAKITA AC ANGLE GRINDER 4" 720W M9506B | AC42: =VLOOKUP(Z42,STOCK!A:G,7,0) -> 1235
C43: 10018586 | D43: MAKITA HEAT GUN HG6031VK | E43: HG6031VK | F43: 10 | G43: 80 | H43: 1939.81 | I43: =H43*1.08 -> 2094.9948 | J43: 0.1 | K43: 1745.3704 | L43: 1885 | N43: 10018725 | O43: MAKITA AC HAMMER DRILL 16MM M0801B | P43: D004 | Q43: 21 | S43: 10017935 | T43: MAKITA MULTIFUNCTION POW.HEAD 18V DUX18Z | U43: S002 | V43: 2 | W43: =VLOOKUP(S43,STOCK!A:C,3,0) -> DUX18Z | Z43: 10018873 | AA43: =VLOOKUP(Z43,STOCK!A:C,3,0) -> M9513B | AB43: MAKITA ANGLE GRINDER 100MM T 850W M9513B | AC43: =VLOOKUP(Z43,STOCK!A:G,7,0) -> 1260
C44: 10018661 | D44: MAKITA HEAT GUN HG5030 | E44: HG5030 | F44: 66 | G44: 198 | H44: 1009.26 | I44: =H44*1.08 -> 1090.0008 | J44: 0.08 | K44: 928.7037 | L44: 1003 | N44: 10018726 | O44: MAKITA AC CIRCULAR SAW 165MM HS6600 | P44: D004 | Q44: 38 | S44: 10017936 | T44: MAKITA DC MICROWAVE 40V 8L 500W MW001GZ | U44: S002 | V44: 1 | W44: =VLOOKUP(S44,STOCK!A:C,3,0) -> MW001GZ | Z44: 10013713 | AA44: =VLOOKUP(Z44,STOCK!A:C,3,0) -> N5900B | AB44: MAKITA CIRCULAR SAW N5900B (235MM)9-1/4" | AC44: =VLOOKUP(Z44,STOCK!A:G,7,0) -> 4210
C45: 10013673 | D45: MAKITA HAMMER-DRILL HP2070 (20MM) 3/4" | E45: HP2070 | F45: 22 | G45: 101 | H45: 3666.67 | I45: =H45*1.08 -> 3960.0036 | J45: 0.08 | K45: 3373.1481 | L45: 3643 | N45: 10018727 | O45: MAKITA AC TRIMMER 6MM 3711 | P45: D004 | Q45: 57 | S45: 10017938 | T45: MAKITA DC POLISHER 40V BL 180MM PV001GZ | U45: S002 | V45: 4 | W45: =VLOOKUP(S45,STOCK!A:C,3,0) -> PV001GZ | Z45: 10013692 | AA45: =VLOOKUP(Z45,STOCK!A:C,3,0) -> TD0101F | AB45: MAKITA IMPACT DRIVER TD0101F | AC45: =VLOOKUP(Z45,STOCK!A:G,7,0) -> 2085
... C47: 10013669 | D47: MAKITA HAMMER-DRILL HP1630(16MM) 5/8" | E47: HP1630 | F47: 108 | G47: 279 | H47: 1666.67 | I47: =H47*1.08 -> 1800.0036 | J47: 0.08 | K47: 1533.3333 | L47: 1656 | N47: 10018746 | O47: MAKITA AC DEMOLITION HAMMER 5KG HM0810TA | P47: D004 | Q47: 4 | S47: 10017943 | T47: MAKITA DC CHAIN SAW 40V 16" UC012GZ | U47: S002 | V47: 1 | W47: =VLOOKUP(S47,STOCK!A:C,3,0) -> UC012GZ | Z47: 10019144 | AA47: =VLOOKUP(Z47,STOCK!A:C,3,0) -> UB1103 | AB47: MAKITA BLOWER UB1103 | AC47: =VLOOKUP(Z47,STOCK!A:G,7,0) -> 1755
C48: 10018751 | D48: MAKITA HAMMER DRIVER DRILL18V BL DHP486Z | E48: DHP486Z | F48: 11 | G48: 31 | H48: 4787.04 | I48: =H48*1.08 -> 5170.0032 | J48: 0.1 | K48: 4308.3333 | L48: 4653 | N48: 10018765 | O48: MAKITA DC ROTARY HAMMER 40V 40MM HR005GZ | P48: D004 | Q48: 3 | S48: 10017945 | T48: MAKITA DC CHAIN SAW 40V 12" UC014GZ | U48: S002 | V48: 1 | W48: =VLOOKUP(S48,STOCK!A:C,3,0) -> UC014GZ
C49: 10031417 | D49: MAKITA HAMMER DRIVER DRILL BL DHP489RTJ | E49: DHP489RTJ | F49: 15 | G49: 32 | H49: 9333.33 | I49: =H49*1.08 -> 10079.996 | J49: 0.1 | K49: 8400 | L49: 9072 | N49: 10018872 | O49: MAKITA FINISHING SANDER M9203B | P49: D004 | Q49: 21 | S49: 10017947 | T49: MAKITA DC CHAIN SAW 12V BL 100MM UC100DZ | U49: S002 | V49: 2 | W49: =VLOOKUP(S49,STOCK!A:C,3,0) -> UC100DZ
C50: 10041606 | D50: MAKITA HAMMER DRIVER DRILL 40V HP002GZ | E50: HP002GZ | F50: 5 | G50: 12 | H50: 3106.48 | I50: =H50*1.08 -> 3354.9984 | J50: 0.08 | K50: 2858.3333 | L50: 3087 | N50: 10018873 | O50: MAKITA ANGLE GRINDER 100MM T 850W M9513B | P50: D004 | Q50: 144 | S50: 10017949 | T50: MAKITA DC HEDGE TRIMMER 40V UH014GZ | U50: S002 | V50: 2 | W50: =VLOOKUP(S50,STOCK!A:C,3,0) -> UH014GZ
C51: 10049777 | D51: MAKITA HAMMER DRIVER DRILL 18V DHP490WVX | E51: DHP490WVX | F51: 139 | G51: 0 | H51: 3046.3 | I51: =H51*1.08 -> 3290.004 | J51: 0.2 | K51: 2437.037 | L51: 2632 | N51: 10018874 | O51: MAKITA TRIMMER 6MM M3700B | P51: D004 | Q51: 33 | S51: 10017953 | T51: MAKITA DC GARDEN SPRAYER 12V 5L US053DZ | U51: S002 | V51: 1 | W51: =VLOOKUP(S51,STOCK!A:C,3,0) -> US053DZ
C52: 10018425 | D52: MAKITA HAMMER DRIVER DRILL 18V DHP453RYE | E52: DHP453RYE | F52: 24 | G52: 1 | H52: 5101.85 | I52: =H52*1.08 -> 5509.998 | J52: 0.1 | K52: 4591.6667 | L52: 4959 | N52: 10018875 | O52: MAKITA PORTABLE CUT-OFF 355MM M2401B | P52: D004 | Q52: 47 | S52: 10017957 | T52: MAKITA DC VACUUM CLEANER 40V VC008GZ04 | U52: S002 | V52: 2 | W52: =VLOOKUP(S52,STOCK!A:C,3,0) -> VC008GZ04
C53: 10018720 | D53: MAKITA HAMMER DRILL 18V BL13MM DHP486RTE | E53: DHP486RTE | F53: 94 | G53: 382 | H53: 9763.89 | I53: =H53*1.08 -> 10545.001 | J53: 0.08 | K53: 8982.4074 | L53: 9701 | N53: 10018878 | O53: MAKITA AC ANGLE GRINDER 9556HPG | P53: D004 | Q53: 52 | S53: 10017958 | T53: MAKITA DC COMBI HAMMER 40V HR007GZ | U53: S002 | V53: 2 | W53: =VLOOKUP(S53,STOCK!A:C,3,0) -> HR007GZ
C54: 10018721 | D54: MAKITA HAMMER DRILL 18V BL 13MM DHP487Z | E54: DHP487Z | F54: 15 | G54: 43 | H54: 2351.85 | I54: =H54*1.08 -> 2539.998 | J54: 0.1 | K54: 2116.6667 | L54: 2286 | N54: 10018879 | O54: MAKITA PN BRAD NAILER 50MM AF506 | P54: D004 | Q54: 28 | S54: 10017959 | T54: MAKITA DC VACUUM CLEANER 40V VC009GZ | U54: S002 | V54: 2 | W54: =VLOOKUP(S54,STOCK!A:C,3,0) -> VC009GZ
C55: 10018434 | D55: MAKITA FINISHING SANDER110X110MM BO4510H | E55: BO4510H | F55: 4 | G55: 1 | H55: 1194.44 | I55: =H55*1.08 -> 1289.9952 | J55: 0.1 | K55: 1075 | L55: 1161 | N55: 10018889 | O55: MAKITA AC ROTARY HAMMER 18MM HR1840J | P55: D004 | Q55: 8 | S55: 10017960 | T55: MAKITA DC CIRCULAR SAW 40V 235MM HS009GZ | U55: S002 | V55: 3 | W55: =VLOOKUP(S55,STOCK!A:C,3,0) -> HS009GZ
C56: 10018872 | D56: MAKITA FINISHING SANDER M9203B | E56: M9203B | F56: 56 | G56: 141 | H56: 1259.26 | I56: =H56*1.08 -> 1360.0008 | J56: 0.08 | K56: 1158.3333 | L56: 1251 | N56: 10018890 | O56: MAKITA AC POWER PLANER 82MMM 1902B | P56: D004 | Q56: 10 | S56: 10017965 | T56: MAKITA T.C.T SAW BLADE 7" 60T P-67963 | U56: S002 | V56: 50 | W56: =VLOOKUP(S56,STOCK!A:C,3,0) -> P-67963
C57: 10020113 | D57: MAKITA FINISHING SANDER BO4556 | E57: BO4556 | F57: 35 | G57: 99 | H57: 1490.74 | I57: =H57*1.08 -> 1609.9992 | J57: 0.1 | K57: 1341.6667 | L57: 1449 | N57: 10018891 | O57: MAKITA AC CONCRETE PLANER 125MM PC5010C | P57: D004 | Q57: 2 | S57: 10017967 | T57: MAKITA T.C.T SAW BLADE 7" S.S B-31697 | U57: S002 | V57: 8 | W57: =VLOOKUP(S57,STOCK!A:C,3,0) -> B-31697
C58: 10019678 | D58: MAKITA FINISHING SANDER BO3710 | E58: BO3710 | F58: 276 | G58: 698 | H58: 1475 | I58: =H58*1.08 -> 1593 | J58: 0.08 | K58: 1357.4074 | L58: 1466 | N58: 10018892 | O58: MAKITA AC BLOWER M4000B | P58: D004 | Q58: 5 | S58: 10017972 | T58: MAKITA DC IMPACT WRENCH 40V TW001GM204 | U58: S002 | V58: 2 | W58: =VLOOKUP(S58,STOCK!A:C,3,0) -> TW001GM204
C59: 10019145 | D59: MAKITA ELECTRIC CHAINSAW UC3551A 14" | E59: UC3551A | F59: 13 | G59: 45 | H59: 4967.59 | I59: =H59*1.08 -> 5364.9972 | J59: 0.1 | K59: 4470.3704 | L59: 4828 | N59: 10018894 | O59: MAKITA AC JIG SAW M4301B | P59: D004 | Q59: 33 | S59: 10017973 | T59: MAKITA BULL POINT 250MM SDS-PLUS B-64238 | U59: S002 | V59: 5 | W59: =VLOOKUP(S59,STOCK!A:C,3,0) -> B-64238
... C63: 10013659 | D63: MAKITA DRILL DP4700 (13MM) 1/2" | E63: DP4700 | F63: 215 | G63: 884 | H63: 3800 | I63: =H63*1.08 -> 4104 | J63: 0.08 | K63: 3496.2963 | L63: 3776 | N63: 10018913 | O63: MAKITA DC BLOWER 18V DUB185Z | P63: D004 | Q63: 15 | S63: 10017981 | T63: MAKITA NEMESIS SET SDSPLUS B-58992 | U63: S002 | V63: 5 | W63: =VLOOKUP(S63,STOCK!A:C,3,0) -> B-58992
C64: 10013671 | D64: MAKITA DRILL 6412 (10MM) 3/8" | E64: 6412 | F64: 57 | G64: 166 | H64: 1151.85 | I64: =H64*1.08 -> 1243.998 | J64: 0.08 | K64: 1059.2593 | L64: 1144 | N64: 10018921 | O64: MAKITA AC ANGLE GRINDER 4" 720W M9506B | P64: D004 | Q64: 48 | S64: 10017983 | T64: MAKITA SDS-MAX DRILL BIT 22X540 D-34637 | U64: S002 | V64: 9 | W64: =VLOOKUP(S64,STOCK!A:C,3,0) -> D-34637
C65: 10018659 | D65: MAKITA DRILL 6305 (13MM) 1/2" | E65: 6305 | F65: 10 | G65: 22 | H65: 4004.63 | I65: =H65*1.08 -> 4325.0004 | J65: 0.1 | K65: 3604.6296 | L65: 3893 | N65: 10018923 | O65: MAKITA AC HAMMER DRILL 16MM M0801BX1 | P65: D004 | Q65: 24 | S65: 10017984 | T65: MAKITA DC HEDGETRIMMER 40V 650MM UH006GZ | U65: S002 | V65: 3 | W65: =VLOOKUP(S65,STOCK!A:C,3,0) -> UH006GZ
C66: 10020114 | D66: MAKITA DISC SANDER GV6010 (150MM) 6" | E66: GV6010 | F66: 35 | G66: 139 | H66: 2111.11 | I66: =H66*1.08 -> 2279.9988 | J66: 0.08 | K66: 1942.5926 | L66: 2098 | N66: 10018925 | O66: MAKITA AC POWER MIXER M6600XB | P66: D004 | Q66: 11 | S66: 10017985 | T66: MAKITA SDS-MAX DRILL BIT 24X540 D-34659 | U66: S002 | V66: 6 | W66: =VLOOKUP(S66,STOCK!A:C,3,0) -> D-34659
C67: 10013683 | D67: MAKITA DEMOLITION HAMMER HM1306 (30MM) | E67: HM1306 | F67: 8 | G67: 28 | H67: 14231.48 | I67: =H67*1.08 -> 15369.998 | J67: 0.1 | K67: 12808.333 | L67: 13833 | N67: 10018977 | O67: MAKITA AC ROUTER 12MM M3600B | P67: D004 | Q67: 38 | S67: 10017987 | T67: MAKITA SDS-MAX DRILL BIT 25X340 D-34665 | U67: S002 | V67: 2 | W67: =VLOOKUP(S67,STOCK!A:C,3,0) -> D-34665
C68: 10019428 | D68: MAKITA DEMOLITION HAMMER HM1214C SDS-MAX | E68: HM1214C | F68: 2 | G68: 6 | H68: 14022.22 | I68: =H68*1.08 -> 15143.998 | J68: 0.1 | K68: 12620.37 | L68: 13630 | N68: 10018981 | O68: MAKITA DC EARTH AUGER 18VX2 BL DDG460ZX4 | P68: D004 | Q68: 3 | S68: 10017989 | T68: MAKITA SDS-MAX DRILL BIT 25X540 D-34045 | U68: S002 | V68: 6 | W68: =VLOOKUP(S68,STOCK!A:C,3,0) -> D-34045
C69: 10018706 | D69: MAKITA DEMOLITION HAMMER HM0871C | E69: HM0871C | F69: 10 | G69: 25 | H69: 7319.44 | I69: =H69*1.08 -> 7904.9952 | J69: 0.1 | K69: 6587.037 | L69: 7114 | N69: 10018999 | O69: MAKITA DC HAMMER DRILL BL40V HP001GD201 | P69: D004 | Q69: 8 | S69: 10017991 | T69: MAKITA SDS-MAX DRILL BIT 28X370 D-34051 | U69: S002 | V69: 8 | W69: =VLOOKUP(S69,STOCK!A:C,3,0) -> D-34051
C70: 10019132 | D70: MAKITA DEMOLITION HAMMER HM0870C SDS-MAX | E70: HM0870C | F70: 3 | G70: 8 | H70: 7523.15 | I70: =H70*1.08 -> 8125.002 | J70: 0.12 | K70: 6620.3704 | L70: 7150 | N70: 10019047 | O70: MAKITA PLUNGE CUT CIRCULAR SAW SP6000J | P70: D004 | Q70: 9 | S70: 10017993 | T70: MAKITA SDS-MAX DRILL BIT 30X370 D-34073 | U70: S002 | V70: 6 | W70: =VLOOKUP(S70,STOCK!A:C,3,0) -> D-34073
C71: 10019110 | D71: MAKITA DEMOLITION HAMMER HM0810A (17MM) | E71: HM0810A | F71: 14 | G71: 73 | H71: 6472.22 | I71: =H71*1.08 -> 6989.9976 | J71: 0.1 | K71: 5825 | L71: 6291 | N71: 10019051 | O71: MAKITA CUTOFF MACHINE 14"(355MM) LW1401 | P71: D004 | Q71: 103 | S71: 10017994 | T71: MAKITA DC BLOWER P 40V BL UB002CZ01 | U71: S002 | V71: 1 | W71: =VLOOKUP(S71,STOCK!A:C,3,0) -> UB002CZ01
C72: 10017959 | D72: MAKITA DC VACUUM CLEANER 40V VC009GZ | E72: VC009GZ | F72: 2 | G72: 0 | H72: 6319.44 | I72: =H72*1.08 -> 6824.9952 | J72: 0.15 | K72: 5371.2963 | L72: 5801 | N72: 10019054 | O72: MAKITA DC DRIVER DRILL DDF482RTE 18V | P72: D004 | Q72: 16 | S72: 10017995 | T72: MAKITA SDS-MAX DRILL BIT 30X570 D-34089 | U72: S002 | V72: 4 | W72: =VLOOKUP(S72,STOCK!A:C,3,0) -> D-34089
C73: 10017957 | D73: MAKITA DC VACUUM CLEANER 40V VC008GZ04 | E73: VC008GZ04 | F73: 3 | G73: 4 | H73: 5763.89 | I73: =H73*1.08 -> 6225.0012 | J73: 0.12 | K73: 5072.2222 | L73: 5478 | N73: 10019084 | O73: MAKITA ROTARY HAMMER HR2470X5 24MM | P73: D004 | Q73: 52 | S73: 10017997 | T73: MAKITA SDS-MAX DRILL BIT 32X370 D-34095 | U73: S002 | V73: 6 | W73: =VLOOKUP(S73,STOCK!A:C,3,0) -> D-34095
C74: 10046406 | D74: MAKITA DC VACUUM CLEANER 40V VC006GMZ03 | E74: VC006GMZ03 | F74: 1 | G74: 0 | H74: 8500 | I74: =H74*1.08 -> 9180 | J74: 0.2 | K74: 6800 | L74: 7344 | N74: 10019110 | O74: MAKITA DEMOLITION HAMMER HM0810A (17MM) | P74: D004 | Q74: 19 | S74: 10017999 | T74: MAKITA SDS-MAX DRILL BIT 32X570 D-34104 | U74: S002 | V74: 9 | W74: =VLOOKUP(S74,STOCK!A:C,3,0) -> D-34104
C75: 10032257 | D75: MAKITA DC TRIMMER 40V BL RT001GZ04 | E75: RT001GZ04 | F75: 1 | G75: 6 | H75: 4564.81 | I75: =H75*1.08 -> 4929.9948 | J75: 0.1 | K75: 4108.3333 | L75: 4437 | N75: 10019121 | O75: MAKITA ELECTRIC CHAINSAW 16" UC4051A | P75: D004 | Q75: 9 | S75: 10018001 | T75: MAKITA SDS-MAX DRILL BIT 35X370 D-34110 | U75: S002 | V75: 9 | W75: =VLOOKUP(S75,STOCK!A:C,3,0) -> D-34110
C76: 10050717 | D76: MAKITA DC TRIMMER 40V BL AWS RT001GM202 | E76: RT001GM202 | F76: 3 | G76: 0 | H76: 13451.85 | I76: =H76*1.08 -> 14527.998 | J76: 0.1 | K76: 12106.481 | L76: 13075 | N76: 10019144 | O76: MAKITA BLOWER UB1103 | P76: D004 | Q76: 72 | S76: 10018002 | T76: MAKITA DC DRIVER DRILL 18V BL DDF486Z | U76: S002 | V76: 14 | W76: =VLOOKUP(S76,STOCK!A:C,3,0) -> DDF486Z
C77: 10039969 | D77: MAKITA DC TRIMMER 18V BL DRT50Z | E77: DRT50Z | F77: 0 | G77: 15 | H77: 2976.85 | I77: =H77*1.08 -> 3214.998 | J77: 0.1 | K77: 2678.7037 | L77: 2893 | N77: 10019154 | O77: MAKITA ANGLE CUTTER 4114S 14" | P77: D004 | Q77: 1 | S77: 10018003 | T77: MAKITA SDS-MAX DRILL BIT 35X570 D-34126 | U77: S002 | V77: 7 | W77: =VLOOKUP(S77,STOCK!A:C,3,0) -> D-34126
... C114: 10040629 | D114: MAKITA DC LAWN MOWER 480MM LM001GZ | E114: LM001GZ | F114: 1 | G114: 2 | H114: 18329.63 | I114: =H114*1.08 -> 19796 | J114: 0.3 | K114: 12830.556 | L114: 13857 | N114: 10051322 | O114: MAKITA DC COMBO KIT 18V DLX2580J | P114: D004 | Q114: 87 | S114: 10018160 | T114: MAKITA BATTERY BL1830B 18V 197599-5 | U114: S002 | V114: 17 | W114: =VLOOKUP(S114,STOCK!A:C,3,0) -> 197599-5
C115: 10039108 | D115: MAKITA DC LAWN MOWER 40V 430MM LM004GZ | E115: LM004GZ | F115: 1 | G115: 4 | H115: 5393.52 | I115: =H115*1.08 -> 5825.0016 | J115: 0.1 | K115: 4854.6296 | L115: 5243 | S115: 10018166 | T115: MAKITA BTRY BL1041B (12V-4Ah) 197406-2 | U115: S002 | V115: 8 | W115: =VLOOKUP(S115,STOCK!A:C,3,0) -> 197406-2
C116: 10044076 | D116: MAKITA DC LAWN MOWER 40V 380MM LM003GZ | E116: LM003GZ | F116: 1 | G116: 2 | H116: 1388.89 | I116: =H116*1.08 -> 1500.0012 | J116: 0.1 | K116: 1250 | L116: 1350 | S116: 10018170 | T116: MAKITA C-LESS HAMMER DRILL DHP482RFX1 | U116: S002 | V116: 18 | W116: =VLOOKUP(S116,STOCK!A:C,3,0) -> DHP482RFX1
C117: 10044079 | D117: MAKITA DC KETTLE 40V 0.8L KT001GZ | E117: KT001GZ | F117: 4 | G117: 0 | H117: 4250 | I117: =H117*1.08 -> 4590 | J117: 0.15 | K117: 3612.963 | L117: 3902 | S117: 10018171 | T117: MAKITA C-LESS DRVR DRILL DF001DW | U117: S002 | V117: 7 | W117: =VLOOKUP(S117,STOCK!A:C,3,0) -> DF001DW
C118: 10050322 | D118: MAKITA DC JIG SAW 40V BL JV002GM201 | E118: JV002GM201 | F118: 2 | G118: 0 | H118: 14245.37 | I118: =H118*1.08 -> 15385 | J118: 0.1 | K118: 12820.37 | L118: 13846 | S118: 10018174 | T118: MAKITA C-LESS CAULKING GUN 12V CG100DZA | U118: S002 | V118: 2 | W118: =VLOOKUP(S118,STOCK!A:C,3,0) -> CG100DZA
C119: 10040625 | D119: MAKITA DC JIG SAW 18V BL DJV184RTJ | E119: DJV184RTJ | F119: 11 | G119: 5 | H119: 8517.59 | I119: =H119*1.08 -> 9198.9972 | J119: 0.1 | K119: 7665.7407 | L119: 8279 | S119: 10018175 | T119: MAKITA GR.WHEEL 8" GB801 B-51976 | U119: S002 | V119: 18 | W119: =VLOOKUP(S119,STOCK!A:C,3,0) -> B-51976
C120: 10018520 | D120: MAKITA DC JIG SAW 18V BL DJV182RTE | E120: DJV182RTE | F120: 7 | G120: 24 | H120: 10689.81 | I120: =H120*1.08 -> 11544.995 | J120: 0.1 | K120: 9620.3704 | L120: 10390 | S120: 10018184 | T120: MAKITA NOSE BAR 24" 445060455 DCS7300 | U120: S002 | V120: 11 | W120: =VLOOKUP(S120,STOCK!A:C,3,0) -> 445060455
C121: 10018702 | D121: MAKITA DC INFLATOR MP100DZ 12V | E121: MP100DZ | F121: 3 | G121: 4 | H121: 1550.93 | I121: =H121*1.08 -> 1675.0044 | J121: 0.1 | K121: 1396.2963 | L121: 1508 | S121: 10018188 | T121: MAKITA SLOT CUT SAW 118MM CA5000X | U121: S002 | V121: 2 | W121: =VLOOKUP(S121,STOCK!A:C,3,0) -> CA5000X
C122: 10017900 | D122: MAKITA DC INFLATOR 40V MP001GZ | E122: MP001GZ | F122: 2 | G122: 4 | H122: 2569.44 | I122: =H122*1.08 -> 2774.9952 | J122: 0.1 | K122: 2312.037 | L122: 2497 | S122: 10018189 | T122: MAKITA NOZZLE ASSEMBLY(B) 127828-2 | U122: S002 | V122: 1 | W122: =VLOOKUP(S122,STOCK!A:C,3,0) -> 127828-2
C123: 10018441 | D123: MAKITA DC INFLATOR 18V DMP180Z | E123: DMP180Z | F123: 2 | G123: 15 | H123: 1703.7 | I123: =H123*1.08 -> 1839.996 | J123: 0.08 | K123: 1567.5926 | L123: 1693 | S123: 10018193 | T123: MAKITA STRAIGHT GUIDE RP0910 193312-9 | U123: S002 | V123: 3 | W123: =VLOOKUP(S123,STOCK!A:C,3,0) -> 193312-9
C124: 10018378 | D124: MAKITA DC IMPACT WRENCH 40VBL TW001GD203 | E124: TW001GD203 | F124: 1 | G124: 1 | H124: 14884.26 | I124: =H124*1.08 -> 16075.001 | J124: 0.1 | K124: 13396.296 | L124: 14468 | S124: 10018194 | T124: MAKITA NOZZLE 3 SET FOR AS001G 191X11-1 | U124: S002 | V124: 1 | W124: =VLOOKUP(S124,STOCK!A:C,3,0) -> 191X11-1
C125: 10017974 | D125: MAKITA DC IMPACT WRENCH 40V TW007GZ | E125: TW007GZ | F125: 3 | G125: 11 | H125: 5041.67 | I125: =H125*1.08 -> 5445.0036 | J125: 0.1 | K125: 4537.963 | L125: 4901 | S125: 10018195 | T125: MAKITA WIRE CUP BRUSH 100 M14X2 D-29555 | U125: S002 | V125: 3 | W125: =VLOOKUP(S125,STOCK!A:C,3,0) -> D-29555
C126: 10038197 | D126: MAKITA DC IMPACT WRENCH 40V BL TW010GZ | E126: TW010GZ | F126: 1 | G126: 0 | H126: 13060.19 | I126: =H126*1.08 -> 14105.005 | J126: 0.2 | K126: 10448.148 | L126: 11284 | S126: 10018196 | T126: MAKITA NOZZLE 7 SET FOR AS001G 191X13-7 | U126: S002 | V126: 1 | W126: =VLOOKUP(S126,STOCK!A:C,3,0) -> 191X13-7
... C303: 10017895 | D303: MAKITA AC VACUUM CLEANER 20L VC2000L | E303: VC2000L | F303: 6 | G303: 12 | H303: 3944.44 | I303: =H303*1.08 -> 4259.9952 | J303: 0.1 | K303: 3550 | L303: 3834 | S303: 10018704 | T303: MAKITA DC GRASS TRIMMER UR100DZ 12V | U303: S002 | V303: 2 | W303: =VLOOKUP(S303,STOCK!A:C,3,0) -> UR100DZ
C304: 10018727 | D304: MAKITA AC TRIMMER 6MM 3711 | E304: 3711 | F304: 112 | G304: 188 | H304: 1921.3 | I304: =H304*1.08 -> 2075.004 | J304: 0.08 | K304: 1767.5926 | L304: 1909 | S304: 10018708 | T304: MAKITA DC HAMMER DRILL 40V BL HP002GA201 | U304: S002 | V304: 5 | W304: =VLOOKUP(S304,STOCK!A:C,3,0) -> HP002GA201
C305: 10018977 | D305: MAKITA AC ROUTER 12MM M3600B | E305: M3600B | F305: 58 | G305: 47 | H305: 3430.56 | I305: =H305*1.08 -> 3705.0048 | J305: 0.1 | K305: 3087.963 | L305: 3335 | S305: 10018710 | T305: MAKITA AC COMBINATION HAMMER HR3001CJ | U305: S002 | V305: 2 | W305: =VLOOKUP(S305,STOCK!A:C,3,0) -> HR3001CJ
C306: 10018889 | D306: MAKITA AC ROTARY HAMMER 18MM HR1840J | E306: HR1840J | F306: 22 | G306: 87 | H306: 3000 | I306: =H306*1.08 -> 3240 | J306: 0.1 | K306: 2700 | L306: 2916 | S306: 10018712 | T306: MAKITA DC IMPACT DRIVER 18V BL DTD154RTE | U306: S002 | V306: 5 | W306: =VLOOKUP(S306,STOCK!A:C,3,0) -> DTD154RTE
C307: 10018483 | D307: MAKITA AC RECIPRO SAW JR3051TK | E307: JR3051TK | F307: 0 | G307: 16 | H307: 2981.48 | I307: =H307*1.08 -> 3219.9984 | J307: 0.1 | K307: 2683.3333 | L307: 2898 | S307: 10018713 | T307: MAKITA DC IMPACT DRIVER 18V BL DTD154Z | U307: S002 | V307: 11 | W307: =VLOOKUP(S307,STOCK!A:C,3,0) -> DTD154Z
C308: 10018890 | D308: MAKITA AC POWER PLANER 82MMM 1902B | E308: M1902B | F308: 121 | G308: 338 | H308: 1759.26 | I308: =H308*1.08 -> 1900.0008 | J308: 0.08 | K308: 1618.5185 | L308: 1748 | S308: 10018714 | T308: MAKITA DC ANGLE GRINDER 18V BL DGA413RTE | U308: S002 | V308: 5 | W308: =VLOOKUP(S308,STOCK!A:C,3,0) -> DGA413RTE
C309: 10018925 | D309: MAKITA AC POWER MIXER M6600XB | E309: M6600XB | F309: 15 | G309: 84 | H309: 2574.07 | I309: =H309*1.08 -> 2779.9956 | J309: 0.1 | K309: 2316.6667 | L309: 2502 | S309: 10018716 | T309: MAKITA ROTARY HAMMER 12V BL HR166DSAE1 | U309: S002 | V309: 3 | W309: =VLOOKUP(S309,STOCK!A:C,3,0) -> HR166DSAE1
C310: 10018900 | D310: MAKITA AC ORBIT SANDER 125MM M9204B | E310: M9204B | F310: 73 | G310: 308 | H310: 1333.33 | I310: =H310*1.08 -> 1439.9964 | J310: 0.08 | K310: 1226.8519 | L310: 1325 | S310: 10018720 | T310: MAKITA HAMMER DRILL 18V BL13MM DHP486RTE | U310: S002 | V310: 13 | W310: =VLOOKUP(S310,STOCK!A:C,3,0) -> DHP486RTE
C311: 10018486 | D311: MAKITA AC METAL CUTTER 185MM 4131 | E311: 4131 | F311: 1 | G311: 0 | H311: 5833.33 | I311: =H311*1.08 -> 6299.9964 | J311: 0.2 | K311: 4666.6667 | L311: 5040 | S311: 10018721 | T311: MAKITA HAMMER DRILL 18V BL 13MM DHP487Z | U311: S002 | V311: 6 | W311: =VLOOKUP(S311,STOCK!A:C,3,0) -> DHP487Z
C312: 10050715 | D312: MAKITA AC JIG SAW PIN / HOLE M4302B | E312: M4302B | F312: 29 | G312: 0 | H312: 1958.33 | I312: =H312*1.08 -> 2114.9964 | J312: 0.08 | K312: 1801.8519 | L312: 1946 | S312: 10018722 | T312: MAKITA COMBINATION HAMMER 18V BL DHR242Z | U312: S002 | V312: 9 | W312: =VLOOKUP(S312,STOCK!A:C,3,0) -> DHR242Z
C313: 10018894 | D313: MAKITA AC JIG SAW M4301B | E313: M4301B | F313: 78 | G313: 98 | H313: 1425.93 | I313: =H313*1.08 -> 1540.0044 | J313: 0.1 | K313: 1283.3333 | L313: 1386 | S313: 10018723 | T313: MAKITA AC HAMMER DRILL 10MM HP0300 | U313: S002 | V313: 14 | W313: =VLOOKUP(S313,STOCK!A:C,3,0) -> HP0300
C314: 10018676 | D314: MAKITA AC HIGH SPEED DRILL 6.5MM M6500B | E314: M6500B | F314: 6 | G314: 25 | H314: 819.44 | I314: =H314*1.08 -> 884.9952 | J314: 0.1 | K314: 737.03704 | L314: 796 | S314: 10018724 | T314: MAKITA AC DRILL 10MM M0600B | U314: S002 | V314: 23 | W314: =VLOOKUP(S314,STOCK!A:C,3,0) -> M0600B
C315: 10018949 | D315: MAKITA AC HEAT GUN HG6530VK | E315: HG6530VK | F315: 10 | G315: 35 | H315: 2587.96 | I315: =H315*1.08 -> 2794.9968 | J315: 0.1 | K315: 2328.7037 | L315: 2515 | S315: 10018725 | T315: MAKITA AC HAMMER DRILL 16MM M0801B | U315: S002 | V315: 17 | W315: =VLOOKUP(S315,STOCK!A:C,3,0) -> M0801B
C316: 10018991 | D316: MAKITA AC HAMMER DRILL 16MM M8100B | E316: M8100B | F316: 28 | G316: 58 | H316: 1555.56 | I316: =H316*1.08 -> 1680.0048 | J316: 0.1 | K316: 1400 | L316: 1512 | S316: 10018726 | T316: MAKITA AC CIRCULAR SAW 165MM HS6600 | U316: S002 | V316: 20 | W316: =VLOOKUP(S316,STOCK!A:C,3,0) -> HS6600
C317: 10018923 | D317: MAKITA AC HAMMER DRILL 16MM M0801BX1 | E317: M0801BX1 | F317: 39 | G317: 16 | H317: 1962.96 | I317: =H317*1.08 -> 2119.9968 | J317: 0.1 | K317: 1766.6667 | L317: 1908 | S317: 10018727 | T317: MAKITA AC TRIMMER 6MM 3711 | U317: S002 | V317: 19 | W317: =VLOOKUP(S317,STOCK!A:C,3,0) -> 3711
C318: 10018725 | D318: MAKITA AC HAMMER DRILL 16MM M0801B | E318: M0801B | F318: 52 | G318: 56 | H318: 935.19 | I318: =H318*1.08 -> 1010.0052 | J318: 0.1 | K318: 841.66667 | L318: 909 | S318: 10018728 | T318: MAKITA DC MULTI TOOL 18V BL AVT DTM52Z | U318: S002 | V318: 4 | W318: =VLOOKUP(S318,STOCK!A:C,3,0) -> DTM52Z
C319: 10048673 | D319: MAKITA AC HAMMER DRILL 13MM M8103KX2BX | E319: M8103KX2BX | F319: 83 | G319: 4 | H319: 1986.11 | I319: =H319*1.08 -> 2144.9988 | J319: 0.15 | K319: 1687.963 | L319: 1823 | S319: 10018729 | T319: MAKITA ANGLE GRINDER 40V BL125MM GA029GZ | U319: S002 | V319: 1 | W319: =VLOOKUP(S319,STOCK!A:C,3,0) -> GA029GZ
C320: 10018482 | D320: MAKITA AC HAMMER DRILL 13MM M8103KX2B | E320: M8103KX2B | F320: 6 | G320: 3 | H320: 1912.04 | I320: =H320*1.08 -> 2065.0032 | J320: 0.12 | K320: 1682.4074 | L320: 1817 | S320: 10018735 | T320: MAKITA SEGMENTSAW 100 TMA046 B-64808 | U320: S002 | V320: 5 | W320: =VLOOKUP(S320,STOCK!A:C,3,0) -> B-64808
C321: 10018915 | D321: MAKITA AC HAMMER DRILL 13MM M8103B | E321: M8103B | F321: 34 | G321: 88 | H321: 1138.89 | I321: =H321*1.08 -> 1230.0012 | J321: 0.1 | K321: 1025 | L321: 1107 | S321: 10018736 | T321: MAKITA MASONRY DRILL BIT 10X150 D-05321 | U321: S002 | V321: 10 | W321: =VLOOKUP(S321,STOCK!A:C,3,0) -> D-05321
C322: 10018723 | D322: MAKITA AC HAMMER DRILL 10MM HP0300 | E322: HP0300 | F322: 31 | G322: 106 | H322: 1601.85 | I322: =H322*1.08 -> 1729.998 | J322: 0.08 | K322: 1474.0741 | L322: 1592 | S322: 10018739 | T322: MAKITA TCT SAWBLADE 305X30X40T W B-54237 | U322: S002 | V322: 18 | W322: =VLOOKUP(S322,STOCK!A:C,3,0) -> B-54237
C323: 10018898 | D323: MAKITA AC FINISHING SANDER M9200B | E323: M9200B | F323: 6 | G323: 89 | H323: 955.56 | I323: =H323*1.08 -> 1032.0048 | J323: 0.1 | K323: 860.18519 | L323: 929 | S323: 10018742 | T323: MAKITA AC BLOWER M4001B | U323: S002 | V323: 15 | W323: =VLOOKUP(S323,STOCK!A:C,3,0) -> M4001B
... C356: 10046410 | D356: MAKITA DC DRIVER DRILL 40V DF001GM201X | E356: DF001GM201X | F356: 5 | G356: 0 | H356: 5666.67 | I356: =H356*1.08 -> 6120.0036 | J356: 0.1 | K356: 5100 | L356: 5508 | S356: 10018808 | T356: MAKITA BURRS SS STD CUT SF 10MM B-52772 | U356: S002 | V356: 3 | W356: =VLOOKUP(S356,STOCK!A:C,3,0) -> B-52772
C357: 10018759 | D357: MAKITA DC COMBO KIT 18V DLX2131JX7 | E357: DLX2131JX7 | H357: =I357/1.08 -> 9087.963 | I357: 9815 | J357: 0.08 | K357: =L357/1.08 -> 8361.1111 | L357: 9030 | S357: 10018809 | T357: MAKITA BURRS SS DIA CUT SF 10MM B-52788 | U357: S002 | V357: 1 | W357: =VLOOKUP(S357,STOCK!A:C,3,0) -> B-52788
S358: 10018810 | T358: MAKITA BURRS N-FE CUT SF 10MM B-52794 | U358: S002 | V358: 3 | W358: =VLOOKUP(S358,STOCK!A:C,3,0) -> B-52794
S359: 10018811 | T359: MAKITA BURRS SS STD CUT SL 10MM B-52803 | U359: S002 | V359: 2 | W359: =VLOOKUP(S359,STOCK!A:C,3,0) -> B-52803
S360: 10018812 | T360: MAKITA BURRS SS DIA CUT SL 10MM B-52819 | U360: S002 | V360: 1 | W360: =VLOOKUP(S360,STOCK!A:C,3,0) -> B-52819
S361: 10018813 | T361: MAKITA BURRS N-FE CUT SL 10MM B-52825 | U361: S002 | V361: 3 | W361: =VLOOKUP(S361,STOCK!A:C,3,0) -> B-52825
S362: 10018814 | T362: MAKITA BURRS SS STD CUT SM 10MM B-52831 | U362: S002 | V362: 1 | W362: =VLOOKUP(S362,STOCK!A:C,3,0) -> B-52831
S363: 10018816 | T363: MAKITA BURRS N-FE CUT SM 10MM B-52853 | U363: S002 | V363: 2 | W363: =VLOOKUP(S363,STOCK!A:C,3,0) -> B-52853
S364: 10018818 | T364: MAKITA TMA064 STARLOCK SAW 85 B-64973 | U364: S002 | V364: 2 | W364: =VLOOKUP(S364,STOCK!A:C,3,0) -> B-64973
S365: 10018819 | T365: MAKITA SAWBLADE 165X20X60T EFF B-69892 | U365: S002 | V365: 33 | W365: =VLOOKUP(S365,STOCK!A:C,3,0) -> B-69892
...

Sheet Sheet3
A2: SPECIAL OFFER 20% | B2: SPECIAL OFFER 20% | C2: SPECIAL OFFER 20% | D2: SPECIAL OFFER 10% | E2: SPECIAL OFFER 10% | F2: SPECIAL OFFER 10% | K2: 12580 | L2: 1 | M2: 11806 | N2: 2 | O2: 11830 | P2: 3 | Q2: 13444 | R2: 4 | S2: 11930 | T2: 5 | U2: 13096 | V2: 6 | W2: 11830 | X2: 7 | Y2: 12770 | Z2: 8 | AA2: 11562 | AB2: 9 | AC2: 11565 | AD2: 10 | AE2: 12484 | AF2: 11 | AG2: 11830 | AH2: 12 | AI2: 12792 | AJ2: 13 | AL2: 14
A3: SPECIAL OFFER 30% | B3: SPECIAL OFFER 30% | C3: SPECIAL OFFER 30% | D3: SPECIAL OFFER 10% | E3: SPECIAL OFFER 10% | F3: SPECIAL OFFER 10% | K3: 13493 | L3: 1 | M3: 13576 | N3: 2 | O3: 12912 | P3: 3 | Q3: 13060 | R3: 4 | S3: 11996 | T3: 5 | U3: 11581 | V3: 6 | W3: 11881 | X3: 7 | Y3: 13500 | Z3: 8 | AA3: 13505 | AB3: 9 | AC3: HR2470 | AD3: 10 | AE3: 13505 | AF3: 11 | AH3: 12 | AI3: 13101 | AJ3: 13 | AL3: 14
A4: SPECIAL OFFER 40% | B4: SPECIAL OFFER 40% | C4: SPECIAL OFFER 40% | D4: SPECIAL OFFER 10% | E4: SPECIAL OFFER 10% | F4: SPECIAL OFFER 10% | K4: 13584 | L4: 1 | M4: 13127 | N4: 2 | O4: 11668 | P4: 3 | Q4: 11806 | R4: 4 | S4: 13364 | T4: 5 | U4: 11834 | V4: 6 | W4: 11404 | X4: 7 | Y4: 13454 | Z4: 8 | AA4: 13563 | AB4: 9 | AC4: 12970 | AD4: 10 | AE4: 13127 | AF4: 11 | AH4: 12 | AI4: 13127 | AJ4: 13 | AL4: 14
A5: SPECIAL OFFER 50% | B5: SPECIAL OFFER 50% | C5: SPECIAL OFFER 50% | D5: SPECIAL OFFER 20% | E5: SPECIAL OFFER 20% | F5: SPECIAL OFFER 20% | K5: 13570 | L5: 1 | M5: 13492 | N5: 2 | O5: 11806 | P5: 3 | Q5: 13454 | R5: 4 | S5: 13377 | T5: 5 | U5: 11981 | V5: 6 | W5: 12049 | X5: 7 | Y5: 11505 | Z5: 8 | AA5: 13508 | AB5: 9 | AC5: 12770 | AD5: 10 | AF5: 11 | AH5: 12 | AJ5: 13 | AL5: 14
A6: SPECIAL OFFER 50% | B6: SPECIAL OFFER 50% | C6: SPECIAL OFFER 50% | D6: SPECIAL OFFER 20% | E6: SPECIAL OFFER 20% | F6: SPECIAL OFFER 20% | K6: 13518 | L6: 1 | M6: 11386 | N6: 2 | O6: 11592 | P6: 3 | R6: 4 | S6: 13465 | T6: 5 | U6: 11458 | V6: 6 | W6: 11177 | X6: 7 | Z6: 8 | AA6: 11545 | AB6: 9 | AC6: 13218 | AD6: 10 | AF6: 11 | AH6: 12 | AJ6: 13 | AL6: 14
A7: SPECIAL OFFER 50% | B7: SPECIAL OFFER 50% | C7: SPECIAL OFFER 50% | D7: SPECIAL OFFER 20% | E7: SPECIAL OFFER 20% | F7: SPECIAL OFFER 20% | L7: 1 | M7: 10160 | N7: 2 | O7: 11734 | P7: 3 | R7: 4 | S7: 12422 | T7: 5 | U7: 12113 | V7: 6 | W7: 13428 | X7: 7 | Z7: 8 | AA7: 13447 | AB7: 9 | AD7: 10 | AF7: 11 | AH7: 12 | AJ7: 13 | AL7: 14
A8: SPECIAL OFFER 50% | B8: SPECIAL OFFER 50% | C8: SPECIAL OFFER 50% | D8: SPECIAL OFFER 20% | E8: SPECIAL OFFER 20% | F8: SPECIAL OFFER 20% | L8: 1 | N8: 2 | O8: 12413 | P8: 3 | R8: 4 | T8: 5 | U8: 12703 | V8: 6 | W8: 13204 | X8: 7 | Z8: 8 | AB8: 9 | AD8: 10 | AF8: 11 | AH8: 12 | AJ8: 13 | AL8: 14
A9: SPECIAL OFFER 50% | B9: SPECIAL OFFER 50% | C9: SPECIAL OFFER 50% | D9: SPECIAL OFFER 20% | E9: SPECIAL OFFER 20% | F9: SPECIAL OFFER 20% | L9: 1 | N9: 2 | O9: 11592 | P9: 3 | R9: 4 | T9: 5 | U9: 11386 | V9: 6 | X9: 7 | Z9: 8 | AB9: 9 | AD9: 10 | AF9: 11 | AH9: 12 | AL9: 14
A10: SPECIAL OFFER 50% | B10: SPECIAL OFFER 50% | C10: SPECIAL OFFER 50% | D10: SPECIAL OFFER 30% | E10: SPECIAL OFFER 30% | F10: SPECIAL OFFER 30% | L10: 1 | N10: 2 | O10: 12242 | P10: 3 | R10: 4 | T10: 5 | U10: 11816 | V10: 6 | X10: 7 | Z10: 8 | AB10: 9 | AD10: 10 | AF10: 11 | AH10: 12 | AL10: 14
A11: SPECIAL OFFER 50% | B11: SPECIAL OFFER 50% | C11: SPECIAL OFFER 50% | D11: SPECIAL OFFER 30% | E11: SPECIAL OFFER 30% | F11: SPECIAL OFFER 30% | L11: 1 | N11: 2 | O11: 13488 | P11: 3 | R11: 4 | T11: 5 | U11: 11669 | V11: 6 | X11: 7 | Z11: 8 | AB11: 9 | AD11: 10 | AF11: 11 | AH11: 12 | AL11: 14
A12: SPECIAL OFFER 50% | B12: SPECIAL OFFER 50% | C12: SPECIAL OFFER 50% | D12: SPECIAL OFFER 30% | E12: SPECIAL OFFER 30% | F12: SPECIAL OFFER 30% | L12: 1 | N12: 2 | O12: 13567 | P12: 3 | R12: 4 | T12: 5 | U12: 12700 | V12: 6 | X12: 7 | Z12: 8 | AB12: 9 | AD12: 10 | AF12: 11 | AH12: 12 | AL12: 14
A13: SPECIAL OFFER 50% | B13: SPECIAL OFFER 50% | C13: SPECIAL OFFER 50% | D13: SPECIAL OFFER 30% | E13: SPECIAL OFFER 30% | F13: SPECIAL OFFER 30% | L13: 1 | N13: 2 | O13: 11692 | P13: 3 | R13: 4 | T13: 5 | U13: 13550 | V13: 6 | X13: 7 | Z13: 8 | AB13: 9 | AD13: 10 | AF13: 11 | AH13: 12 | AL13: 14
A14: SPECIAL OFFER 50% | B14: SPECIAL OFFER 50% | C14: SPECIAL OFFER 50% | D14: SPECIAL OFFER 30% | E14: SPECIAL OFFER 30% | F14: SPECIAL OFFER 30% | L14: 1 | N14: 2 | P14: 3 | R14: 4 | T14: 5 | U14: 11990 | V14: 6 | X14: 7 | Z14: 8 | AB14: 9 | AD14: 10 | AF14: 11 | AH14: 12 | AL14: 14
A15: SPECIAL OFFER 50% | B15: SPECIAL OFFER 50% | C15: SPECIAL OFFER 50% | D15: SPECIAL OFFER 40% | E15: SPECIAL OFFER 40% | F15: SPECIAL OFFER 40% | L15: 1 | N15: 2 | P15: 3 | R15: 4 | T15: 5 | U15: 11883 | V15: 6 | X15: 7 | Z15: 8 | AB15: 9 | AD15: 10 | AF15: 11 | AH15: 12 | AL15: 14
A16: SPECIAL OFFER 50% | B16: SPECIAL OFFER 50% | C16: SPECIAL OFFER 50% | D16: SPECIAL OFFER 40% | E16: SPECIAL OFFER 40% | F16: SPECIAL OFFER 40% | L16: 1 | N16: 2 | P16: 3 | R16: 4 | T16: 5 | V16: 6 | X16: 7 | Z16: 8 | AB16: 9 | AD16: 10 | AF16: 11 | AH16: 12 | AL16: 14
A17: SPECIAL OFFER 50% | B17: SPECIAL OFFER 50% | C17: SPECIAL OFFER 50% | D17: SPECIAL OFFER 50% | E17: SPECIAL OFFER 50% | F17: SPECIAL OFFER 50%
A18: SPECIAL OFFER 50% | B18: SPECIAL OFFER 50% | C18: SPECIAL OFFER 50% | D18: SPECIAL OFFER 50% | E18: SPECIAL OFFER 50% | F18: SPECIAL OFFER 50%
A19: SPECIAL OFFER 50% | B19: SPECIAL OFFER 50% | C19: SPECIAL OFFER 50% | D19: SPECIAL OFFER 50% | E19: SPECIAL OFFER 50% | F19: SPECIAL OFFER 50%
A20: SPECIAL OFFER 50% | B20: SPECIAL OFFER 50% | C20: SPECIAL OFFER 50% | D20: SPECIAL OFFER 50% | E20: SPECIAL OFFER 50% | F20: SPECIAL OFFER 50%
A21: SPECIAL OFFER 70% | B21: SPECIAL OFFER 70% | C21: SPECIAL OFFER 70% | D21: SPECIAL OFFER 50% | E21: SPECIAL OFFER 50% | F21: SPECIAL OFFER 50%

Sheet Sheet1
K2: Material | L2: Material Description | M2: Unrestr.
B3: ARTICLE | C3: DESCRIPTION | D3: NEW ORDER | F3: Material | G3: Material Description | H3: Unrestr. | P3: =VLOOKUP(R3,'[1]MAKITA MASTERSHEET'!$E:$G,3,0) -> 10020027 | Q3: MAKITA TCT. SAW BLADE A-81898 6" | R3: =VLOOKUP(Q3,'[1]MAKITA MASTERSHEET'!$D:$E,2,0) -> A-81898 | S3: MAKITA | T3: =VLOOKUP(R3,'[1]J NEW PRICE'!$A:$B,2,0) -> T.C.T SAW BLADE 160X20X40T WOOD | U3: 10020027 | V3: MAKITA TCT SAWBLADE 160X20X40T A-81898 | W3: =LEN(V3) -> 38
D4: EA | K4: 10013659 | L4: MAKITA DRILL DP4700 (13MM) 1/2" | M4: 65 | P4: =VLOOKUP(R4,'[1]MAKITA MASTERSHEET'!$E:$G,3,0) -> 10019339 | Q4: MAKITA TCT SAW BLADE METAL B-23117 136MM | R4: =VLOOKUP(Q4,'[1]MAKITA MASTERSHEET'!$D:$E,2,0) -> B-23117 | S4: MAKITA | T4: =VLOOKUP(R4,'[1]J NEW PRICE'!$A:$B,2,0) -> T.C.T SAW BLADE 136X20X56T S.STEEL | U4: 10019339 | V4: MAKITA TCT SAWBLADE 136MM 56T SS B-23117 | W4: =LEN(V4) -> 40
B5: 10046422 | C5: MAKITA DC HAMMER DRV DRILL 12V HP332DSME | D5: 2 | F5: 10013659 | G5: MAKITA DRILL DP4700 (13MM) 1/2" | H5: 64 | K5: 10013669 | L5: MAKITA HAMMER-DRILL HP1630(16MM) 5/8" | M5: 82 | P5: =VLOOKUP(R5,'[1]MAKITA MASTERSHEET'!$E:$G,3,0) -> 10019210 | Q5: MAKITA TCT SAW BLADE METAL B-07319 136MM | R5: =VLOOKUP(Q5,'[1]MAKITA MASTERSHEET'!$D:$E,2,0) -> B-07319 | S5: MAKITA | T5: =VLOOKUP(R5,'[1]J NEW PRICE'!$A:$B,2,0) -> T.C.T SAW BLADE 136X20X30T METAL | U5: 10019210 | V5: MAKITA TCT SAWBLADE 136MM 30T M B-07319 | W5: =LEN(V5) -> 39
B6: 10018759 | C6: MAKITA DC COMBO KIT 18V DLX2131JX7 | D6: 2 | F6: 10013665 | G6: MAKITA C-LESS IMPACTDRVR TD090DWE 10.8V | H6: 3 | K6: 10013671 | L6: MAKITA DRILL 6412 (10MM) 3/8" | M6: 15 | P6: =VLOOKUP(R6,'[1]MAKITA MASTERSHEET'!$E:$G,3,0) -> 10041624 | Q6: MAKITA TCT SAW BLADE B-17158 | R6: =VLOOKUP(Q6,'[1]MAKITA MASTERSHEET'!$D:$E,2,0) -> B-17158 | S6: MAKITA | T6: =VLOOKUP(R6,'[1]J NEW PRICE'!$A:$B,2,0) -> T.C.T SAW BLADE 203X25.4X80T WOOD | U6: 10041624 | V6: MAKITA TCT SAWBLADE 203X25.4X80T B-17158 | W6: =LEN(V6) -> 40
B7: 10019051 | C7: MAKITA CUTOFF MACHINE 14"(355MM) LW1401 | D7: 2 | F7: 10013669 | G7: MAKITA HAMMER-DRILL HP1630(16MM) 5/8" | H7: 16 | K7: 10013672 | L7: MAKITA HAMMER-DRILL HP2050 (20MM) 3/4" | M7: 18 | P7: =VLOOKUP(R7,'[1]MAKITA MASTERSHEET'!$E:$G,3,0) -> 10018519 | Q7: MAKITA TCT SAW BLADE METAL E-12918 | R7: =VLOOKUP(Q7,'[1]MAKITA MASTERSHEET'!$D:$E,2,0) -> E-12918 | S7: MAKITA | T7: =VLOOKUP(R7,'[1]J NEW PRICE'!$A:$B,2,0) -> T.C.T SAW BLADE 185X20X45T METAL EFFICUT | U7: 10018519 | V7: MAKITA SAWBLADE 185MM 45T M EFF E-12918 | W7: =LEN(V7) -> 39
B8: 10018875 | C8: MAKITA PORTABLE CUT-OFF 355MM M2401B | D8: 2 | F8: 10013671 | G8: MAKITA DRILL 6412 (10MM) 3/8" | H8: 23 | K8: 10013673 | L8: MAKITA HAMMER-DRILL HP2070 (20MM) 3/4" | M8: 9 | P8: =VLOOKUP(R8,'[1]MAKITA MASTERSHEET'!$E:$G,3,0) -> 10018604 | Q8: MAKITA TC RECIPRO SAW BLADE B-55594 | R8: =VLOOKUP(Q8,'[1]MAKITA MASTERSHEET'!$D:$E,2,0) -> B-55594 | S8: MAKITA | T8: =VLOOKUP(R8,'[1]J NEW PRICE'!$A:$B,2,0) -> RECIPRO SAW BLADE 305MM TC/HM (1PCS) | U8: 10018604 | V8: MAKITA RECIPRO SAWBLADE 305MM B-55594 | W8: =LEN(V8) -> 37
B9: 10013721 | C9: MAKITA COMPOUND MITER SAW LS1040 10-1/4" | D9: 1 | F9: 10013672 | G9: MAKITA HAMMER-DRILL HP2050 (20MM) 3/4" | H9: 15 | K9: 10013684 | L9: MAKITA ROTARY HAMMER HR2810(3MODE) 28MM | M9: 21 | P9: =VLOOKUP(R9,'[1]MAKITA MASTERSHEET'!$E:$G,3,0) -> 10018531 | Q9: MAKITA T.C.T SAW BLADE WOOD P-67957 | R9: =VLOOKUP(Q9,'[1]MAKITA MASTERSHEET'!$D:$E,2,0) -> P-67957 | S9: MAKITA | T9: =VLOOKUP(R9,'[1]J NEW PRICE'!$A:$B,2,0) -> T.C.T SAW BLADE 185X20X40T WOOD | U9: 10018531 | V9: MAKITA TCT SAWBLADE 185X20X40T P-67957 | W9: =LEN(V9) -> 38
B10: 10049777 | C10: MAKITA HAMMER DRIVER DRILL 18V DHP490WVX | D10: 4 | F10: 10013673 | G10: MAKITA HAMMER-DRILL HP2070 (20MM) 3/4" | H10: 3 | K10: 10013692 | L10: MAKITA IMPACT DRIVER TD0101F | M10: 250 | P10: =VLOOKUP(R10,'[1]MAKITA MASTERSHEET'!$E:$G,3,0) -> 10018543 | Q10: MAKITA T.C.T SAW BLADE WOOD D-50538 | R10: =VLOOKUP(Q10,'[1]MAKITA MASTERSHEET'!$D:$E,2,0) -> D-50538 | S10: MAKITA | T10: =VLOOKUP(R10,'[1]J NEW PRICE'!$A:$B,2,0) -> T.C.T SAW BLADE 185X25.4X40T WOOD | U10: 10018543 | V10: MAKITA TCT SAWBLADE 185X25.4X40T D-50538 | W10: =LEN(V10) -> 40
B11: 10045280 | C11: MAKITA DC HAMMER DRILL 13MM DHP490RFX1 | D11: 4 | F11: 10013680 | G11: MAKITA ROTARY HAMMER HR3200C 3MODE(32MM) | H11: 1 | K11: 10013710 | L11: MAKITA CIRCULAR SAW 5103N(335MM) 13-1/8" | M11: 3 | P11: =VLOOKUP(R11,'[1]MAKITA MASTERSHEET'!$E:$G,3,0) -> 10018533 | Q11: MAKITA T.C.T SAW BLADE WOOD D-29066 | R11: =VLOOKUP(Q11,'[1]MAKITA MASTERSHEET'!$D:$E,2,0) -> D-29066 | S11: MAKITA | T11: =VLOOKUP(R11,'[1]J NEW PRICE'!$A:$B,2,0) -> T.C.T SAW BLADE 210X25X24T WOOD | U11: 10018533 | V11: MAKITA TCT SAWBLADE 210X25X24T D-29066 | W11: =LEN(V11) -> 38
B12: 10045279 | C12: MAKITA DC HAMMER DRILL 13MM DHP490RF | D12: 4 | F12: 10013683 | G12: MAKITA DEMOLITION HAMMER HM1306 (30MM) | H12: 7 | K12: 10013713 | L12: MAKITA CIRCULAR SAW N5900B (235MM)9-1/4" | M12: 18 | P12: =VLOOKUP(R12,'[1]MAKITA MASTERSHEET'!$E:$G,3,0) -> 10018545 | Q12: MAKITA T.C.T SAW BLADE WOOD D-03349 | R12: =VLOOKUP(Q12,'[1]MAKITA MASTERSHEET'!$D:$E,2,0) -> D-03349 | S12: MAKITA | T12: =VLOOKUP(R12,'[1]J NEW PRICE'!$A:$B,2,0) -> T.C.T SAW BLADE 165X20X40T WOOD | U12: 10018545 | V12: MAKITA TCT SAWBLADE 165X20X40T D-03349 | W12: =LEN(V12) -> 38
F13: 10013684 | G13: MAKITA ROTARY HAMMER HR2810(3MODE) 28MM | H13: 16 | K13: 10013716 | L13: MAKITA CIRCULAR SAW 5806B (185MM) 7-1/4" | M13: 290 | P13: =VLOOKUP(R13,'[1]MAKITA MASTERSHEET'!$E:$G,3,0) -> 10018417 | Q13: MAKITA T.C.T SAW BLADE WOOD B-17142 | R13: =VLOOKUP(Q13,'[1]MAKITA MASTERSHEET'!$D:$E,2,0) -> B-17142 | S13: MAKITA | T13: =VLOOKUP(R13,'[1]J NEW PRICE'!$A:$B,2,0) -> T.C.T SAW BLADE 203X25.4X60T WOOD | U13: 10018417 | V13: MAKITA TCT SAWBLADE 203X25.4X60T B-17142 | W13: =LEN(V13) -> 40
F14: 10013692 | G14: MAKITA IMPACT DRIVER TD0101F | H14: 32 | K14: 10013719 | L14: MAKITA CIRCULAR SAW 5008MG (210MM)8-1/4" | M14: 60 | P14: =VLOOKUP(R14,'[1]MAKITA MASTERSHEET'!$E:$G,3,0) -> 10018541 | Q14: MAKITA T.C.T SAW BLADE WOOD A-86038 | R14: =VLOOKUP(Q14,'[1]MAKITA MASTERSHEET'!$D:$E,2,0) -> A-86038 | S14: MAKITA | T14: =VLOOKUP(R14,'[1]J NEW PRICE'!$A:$B,2,0) -> T.C.T SAW BLADE 165X20X24T WOOD | U14: 10018541 | V14: MAKITA TCT SAWBLADE 165X20X24T A-86038 | W14: =LEN(V14) -> 38
F15: 10013698 | G15: MAKITA POWER PLANER 1911B (4-3/8") 110MM | H15: 15 | K15: 10013721 | L15: MAKITA COMPOUND MITER SAW LS1040 10-1/4" | M15: 15 | P15: =VLOOKUP(R15,'[1]MAKITA MASTERSHEET'!$E:$G,3,0) -> 10018414 | Q15: MAKITA T.C.T SAW BLADE M.STEEL A-83967 | R15: =VLOOKUP(Q15,'[1]MAKITA MASTERSHEET'!$D:$E,2,0) -> A-83967 | S15: MAKITA | T15: =VLOOKUP(R15,'[1]J NEW PRICE'!$A:$B,2,0) -> T.C.T SAW BLADE 185X20X48T THIN M.STEEL | U15: 10018414 | V15: MAKITA SAWBLADE 185MM 48T M.S A-83967 | W15: =LEN(V15) -> 37
F16: 10013704 | G16: MAKITA PLANER 2012NB (304MM) 12" | H16: 4 | K16: 10013727 | L16: MAKITA JIGSAW 4327M (HOLE TYPE) | M16: 28 | P16: =VLOOKUP(R16,'[1]MAKITA MASTERSHEET'!$E:$G,3,0) -> 10036232 | Q16: MAKITA T.C.T SAW BLADE E-12924 | R16: =VLOOKUP(Q16,'[1]MAKITA MASTERSHEET'!$D:$E,2,0) -> E-12924 | S16: MAKITA | T16: =VLOOKUP(R16,'[1]J NEW PRICE'!$A:$B,2,0) -> T.C.T SAW BLADE 185X20X60T METAL EFFICUT | U16: 10036232 | V16: MAKITA SAWBLADE 185MM 60T M EFF E-12924 | W16: =LEN(V16) -> 39
F17: 10013710 | G17: MAKITA CIRCULAR SAW 5103N(335MM) 13-1/8" | H17: 3 | K17: 10017896 | L17: MAKITA DC CLEANER 18V DCL286FRTB | M17: 2 | P17: =VLOOKUP(R17,'[1]MAKITA MASTERSHEET'!$E:$G,3,0) -> 10017967 | Q17: MAKITA T.C.T SAW BLADE 7" S.S B-31697 | R17: =VLOOKUP(Q17,'[1]MAKITA MASTERSHEET'!$D:$E,2,0) -> B-31697 | S17: MAKITA | T17: =VLOOKUP(R17,'[1]J NEW PRICE'!$A:$B,2,0) -> T.C.T SAW BLADE 185X20X64T S.STEEL | U17: 10017967 | V17: MAKITA SAWBLADE 185X20X64T SS B-31697 | W17: =LEN(V17) -> 37
F18: 10013713 | G18: MAKITA CIRCULAR SAW N5900B (235MM)9-1/4" | H18: 10 | K18: 10017898 | L18: MAKITA DC HAMMER DRIVER DRILL DHP487RFJ | M18: 24 | P18: =VLOOKUP(R18,'[1]MAKITA MASTERSHEET'!$E:$G,3,0) -> 10017965 | Q18: MAKITA T.C.T SAW BLADE 7" 60T P-67963 | R18: =VLOOKUP(Q18,'[1]MAKITA MASTERSHEET'!$D:$E,2,0) -> P-67963 | S18: MAKITA | T18: =VLOOKUP(R18,'[1]J NEW PRICE'!$A:$B,2,0) -> T.C.T SAW BLADE 185X20X60T WOOD | U18: 10017965 | V18: MAKITA TCT SAWBLADE 185X20X60T P-67963 | W18: =LEN(V18) -> 38
F19: 10013716 | G19: MAKITA CIRCULAR SAW 5806B (185MM) 7-1/4" | H19: 34 | K19: 10017904 | L19: MAKITA DC CLEANER 40V CL003GZ14 | M19: 9 | P19: =VLOOKUP(R19,'[1]MAKITA MASTERSHEET'!$E:$G,3,0) -> 10018615 | Q19: MAKITA T.C.T SAW BLADE 165X56T B-57364 | R19: =VLOOKUP(Q19,'[1]MAKITA MASTERSHEET'!$D:$E,2,0) -> B-57364 | S19: MAKITA | T19: =VLOOKUP(R19,'[1]J NEW PRICE'!$A:$B,2,0) -> T.C.T SAW BLADE 165X20X56T WOOD EFFICUT | U19: 10018615 | V19: MAKITA TCT SAWBLADE 165MM 56T EF B-57364 | W19: =LEN(V19) -> 40
F20: 10013719 | G20: MAKITA CIRCULAR SAW 5008MG (210MM)8-1/4" | H20: 12 | K20: 10017909 | L20: MAKITA DC HAMMER DRIVER 18V BL DHP489Z | M20: 7 | P20: =VLOOKUP(R20,'[1]MAKITA MASTERSHEET'!$E:$G,3,0) -> 10018527 | Q20: MAKITA JIG SAW BLADE NO.10S A-85824 | R20: =VLOOKUP(Q20,'[1]MAKITA MASTERSHEET'!$D:$E,2,0) -> A-85824 | S20: MAKITA | T20: =VLOOKUP(R20,'[1]J NEW PRICE'!$A:$B,2,0) -> JIG SAW BLADE NO.10S 5PCS/PKG | U20: 10018527 | V20: MAKITA JIG SAWBLADE NO.10S A-85824 HOLE | W20: =LEN(V20) -> 39
F21: 10013721 | G21: MAKITA COMPOUND MITER SAW LS1040 10-1/4" | H21: 5 | K21: 10017927 | L21: MAKITA DC REBAR TYING TOOL 18V DTR181Z | M21: 1 | P21: =VLOOKUP(R21,'[1]MAKITA MASTERSHEET'!$E:$G,3,0) -> 10018526 | Q21: MAKITA JIG SAW BLADE NO. 51 4304 A-86561 | R21: =VLOOKUP(Q21,'[1]MAKITA MASTERSHEET'!$D:$E,2,0) -> A-86561 | S21: MAKITA | T21: =VLOOKUP(R21,'[1]J NEW PRICE'!$A:$B,2,0) -> JIG SAW BLADE NO.51 5PCS/PKG (B-TYPE) | U21: 10018526 | V21: MAKITA JIG SAWBLADE NO.51 A-86561 (PIN) | W21: =LEN(V21) -> 39
F22: 10013727 | G22: MAKITA JIGSAW 4327M (HOLE TYPE) | H22: 32 | K22: 10017936 | L22: MAKITA DC MICROWAVE 40V 8L 500W MW001GZ | M22: 25 | P22: =VLOOKUP(R22,'[1]MAKITA MASTERSHEET'!$E:$G,3,0) -> 10018768 | Q22: MAKITA JIG SAW BLADE B-16 4304 A-85684 | R22: =VLOOKUP(Q22,'[1]MAKITA MASTERSHEET'!$D:$E,2,0) -> A-85684 | S22: MAKITA | T22: =VLOOKUP(R22,'[1]J NEW PRICE'!$A:$B,2,0) -> JIG SAW BLADE B-16 5PCS/PKG | U22: 10018768 | V22: MAKITA JIG SAWBLADE B-16 A-85684 (PIN) | W22: =LEN(V22) -> 38
F23: 10017888 | G23: MAKITA HIGH PER ENGINE OIL 980008606 | H23: 240 | K23: 10017941 | L23: MAKITA DC CHAIN SAW 40V 12" UC003GZ01 | M23: 1 | P23: =VLOOKUP(R23,'[1]MAKITA MASTERSHEET'!$E:$G,3,0) -> 10019397 | Q23: MAKITA JIG SAW BLADE A-86882 | R23: =VLOOKUP(Q23,'[1]MAKITA MASTERSHEET'!$D:$E,2,0) -> A-86882 | S23: MAKITA | T23: =VLOOKUP(R23,'[1]J NEW PRICE'!$A:$B,2,0) -> JIG SAW BLADE NO.1,2,3,8,10S 5PCS/SET | U23: 10019397 | V23: MAKITA JIG SAWBLADE A-86882 (HOLE) | W23: =LEN(V23) -> 34
F24: 10017889 | G24: MAKITA SAW CHAIN 10" SPROCKET 191H08-4 | H24: 4 | K24: 10017943 | L24: MAKITA DC CHAIN SAW 40V 16" UC012GZ | M24: 2 | P24: =VLOOKUP(R24,'[1]MAKITA MASTERSHEET'!$E:$G,3,0) -> 10018529 | Q24: MAKITA T.C.T SAW BLADE WOOD B-62022 | R24: =VLOOKUP(Q24,'[1]MAKITA MASTERSHEET'!$D:$E,2,0) -> B-62022 | S24: MAKITA | T24: =VLOOKUP(R24,'[1]J NEW PRICE'!$A:$B,2,0) -> T.C.T SAW BLADE 185X20X24T WOOD EFFICUT | U24: 10018529 | V24: MAKITA TCT SAWBLADE 185MM 24T EF B-62022 | W24: =LEN(V24) -> 40
... F26: 10017893 | G26: MAKITA SDS-PLUS NEMESIS II E-14532 | H26: 10 | K26: 10017949 | L26: MAKITA DC HEDGE TRIMMER 40V UH014GZ | M26: 5 | P26: =VLOOKUP(R26,'[1]MAKITA MASTERSHEET'!$E:$G,3,0) -> 10051338 | Q26: MAKITA T.C.T SAW BLADE D-81131 | R26: =VLOOKUP(Q26,'[1]MAKITA MASTERSHEET'!$D:$E,2,0) -> D-81131 | S26: MAKITA | T26: =VLOOKUP(R26,'[1]J NEW PRICE'!$A:$B,2,0) -> T.C.T SAW BLADE 136X20X40T MDF | U26: 10051338 | V26: MAKITA TCT SAWBLADE 136X20X40T D-81131 | W26: =LEN(V26) -> 38
F27: 10017894 | G27: MAKITA HAMMER CASE COMPLETE 144787-5 | H27: 6 | K27: 10017953 | L27: MAKITA DC GARDEN SPRAYER 12V 5L US053DZ | M27: 5 | R27: D-65844 | U27: 10018443 | V27: MAKITA ABRASIVEDISC 125 #100 WHT D-65844 | W27: =LEN(V27) -> 40
F28: 10017895 | G28: MAKITA AC VACUUM CLEANER 20L VC2000L | H28: 3 | K28: 10017957 | L28: MAKITA DC VACUUM CLEANER 40V VC008GZ04 | M28: 2 | R28: D-65838 | U28: 10018989 | V28: MAKITA ABRASIVE DISC 125 #80 WHT D-65838 | W28: =LEN(V28) -> 40
F29: 10017896 | G29: MAKITA DC CLEANER 18V DCL286FRTB | H29: 3 | K29: 10017960 | L29: MAKITA DC CIRCULAR SAW 40V 235MM HS009GZ | M29: 2 | R29: D-65872 | U29: 10018935 | V29: MAKITA ABRASIVEDISC 125 #180 WHT D-65872 | W29: =LEN(V29) -> 40
F30: 10017897 | G30: MAKITA DC HAMMER DRIVER DRILL DHP484RFE | H30: 15 | K30: 10017970 | L30: MAKITA PLUNGE CUT SAW 40V 165MM SP001GZ | M30: 2 | R30: B-51437 | U30: 10018230 | V30: MAKITA ABRASIVE DISC 150MM A80 B-51437 | W30: =LEN(V30) -> 38
F31: 10017898 | G31: MAKITA DC HAMMER DRIVER DRILL DHP487RFJ | H31: 11 | K31: 10017984 | L31: MAKITA DC HEDGETRIMMER 40V 650MM UH006GZ | M31: 2 | U31: 10018778 | V31: MAKITA ABRASIVE DISC 125 #240 D-54209 | W31: =LEN(V31) -> 37
F32: 10017899 | G32: MAKITA DC HEDGE TRIMMER 18V DUH507Z | H32: 1 | K32: 10018002 | L32: MAKITA DC DRIVER DRILL 18V BL DDF486Z | M32: 9 | U32: 10018767 | V32: MAKITA ABRASIVE DISC 125 #120 D-54178 | W32: =LEN(V32) -> 37
F33: 10017935 | G33: MAKITA MULTIFUNCTION POW.HEAD 18V DUX18Z | H33: 2 | K33: 10018428 | L33: MAKITA IMPACT DRIVER 18V BL DTD153RTE | M33: 12 | R33: B-51932 | T33: GRINDING WHEEL 150X16X12.7 - GC120H | U33: 10018631 | V33: MAKITA GRINDING WHEEL GB602 GR B-51932 | W33: =LEN(V33) -> 38
F34: 10017936 | G34: MAKITA DC MICROWAVE 40V 8L 500W MW001GZ | H34: 1 | K34: 10018432 | L34: MAKITA IMPACT WRENCH 18V BL DTW300RTJ | M34: 6 | R34: JM23000123 | T34: CARBON BRUSH FOR MT230 | U34: 40007239 | V34: MAKITA CARBON BRUSH CB-500 JM23000123 | W34: =LEN(V34) -> 37
F35: 10017938 | G35: MAKITA DC POLISHER 40V BL 180MM PV001GZ | H35: 5 | K35: 10018440 | L35: MAKITA CLEANER 12V CL106FDSAW | M35: 10 | R35: D-29620 | T35: M FORCE METAL DRILL BIT 2.5X57MM | U35: 40005555 | V35: MAKITA HSS METAL DRILL BIT 2.5MM D-29620 | W35: =LEN(V35) -> 40
F36: 10017941 | G36: MAKITA DC CHAIN SAW 40V 12" UC003GZ01 | H36: 1 | K36: 10018446 | L36: MAKITA DC HAMMER 18V BL 18MM DHR183RTWJ | M36: 5 | R36: D-29692 | T36: M FORCE METAL DRILL BIT 6.0X93MM | U36: 10019574 | V36: MAKITA HSS METAL DRILL BIT 6MM D-29692 | W36: =LEN(V36) -> 38
F37: 10017943 | G37: MAKITA DC CHAIN SAW 40V 16" UC012GZ | H37: 1 | K37: 10018489 | L37: MAKITA DC HAMMER DRIVER DRILL HP002GD201 | M37: 3 | R37: D-29658 | T37: M FORCE METAL DRILL BIT 4.0X75MM | U37: 10019573 | V37: MAKITA HSS METAL DRILL BIT 4MM D-29658 | W37: =LEN(V37) -> 38
F38: 10017945 | G38: MAKITA DC CHAIN SAW 40V 12" UC014GZ | H38: 1 | K38: 10018499 | L38: MAKITA DC ROTARY HAMMER 52MM HR006GZ | M38: 4 | R38: D-29636 | T38: M FORCE METAL DRILL BIT 3.0X61MM | U38: 10019572 | V38: MAKITA HSS METAL DRILL BIT 3MM D-29636 | W38: =LEN(V38) -> 38
F39: 10017947 | G39: MAKITA DC CHAIN SAW 12V BL 100MM UC100DZ | H39: 2 | K39: 10018500 | L39: MAKITA DC CIRCULAR SAW HS003GM201 | M39: 3 | R39: D-29670 | T39: M FORCE METAL DRILL BIT 5.0X86MM | U39: 10018568 | V39: MAKITA HSS METAL DRILL BIT 5MM D-29670 | W39: =LEN(V39) -> 38
F40: 10017948 | G40: MAKITA AC ANGLE GRINDER 180MM GA7070X1 | H40: 3 | K40: 10018507 | L40: MAKITA DC CHAIN SAW 40V UC015GT101 | M40: 1 | R40: D-29614 | T40: M FORCE METAL DRILL BIT 2X49 | U40: 10019268 | V40: MAKITA HSS METAL DRILL BIT 2MM D-29614 | W40: =LEN(V40) -> 38
F41: 10017949 | G41: MAKITA DC HEDGE TRIMMER 40V UH014GZ | H41: 1 | K41: 10018586 | L41: MAKITA HEAT GUN HG6031VK | M41: 14 | R41: =VLOOKUP(U41,'[1]MAKITA MASTERSHEET'!$A:$C,3,0) -> A-86767 | T41: T.C.T SAW BLADE 190X20X60T ALUM | U41: 10019734 | V41: MAKITA TCT SAWBLADE 7" A-86767 ALUM 60T
F42: 10017953 | G42: MAKITA DC GARDEN SPRAYER 12V 5L US053DZ | H42: 1 | K42: 10018593 | L42: MAKITA SLIDE COMPOUND SAW LS1019L | M42: 14 | R42: =VLOOKUP(U42,'[1]MAKITA MASTERSHEET'!$A:$C,3,0) -> B-14607 | T42: T.C.T SAW BLADE 85X15X20T WOOD | U42: 10018277 | V42: MAKITA TCT SAWBLADE 85X15X20T B-14607
F43: 10017957 | G43: MAKITA DC VACUUM CLEANER 40V VC008GZ04 | H43: 1 | K43: 10018630 | L43: MAKITA SLIDE COMPOUND SAW 305MM LS1219L | M43: 6 | R43: =VLOOKUP(U43,'[1]MAKITA MASTERSHEET'!$A:$C,3,0) -> B-23151 | T43: T.C.T SAW BLADE 305X25.4X100T S.STEEL | U43: 10018281 | V43: MAKITA TCT SAWBLADE 305MM S.S B-23151
F44: 10017958 | G44: MAKITA DC COMBI HAMMER 40V HR007GZ | H44: 2 | K44: 10018647 | L44: MAKITA C-LESS METAL SAW DCS552Z (5") | M44: 1 | R44: =VLOOKUP(U44,'[1]MAKITA MASTERSHEET'!$A:$C,3,0) -> D-19037 | T44: T.C.T SAW BLADE 185X20X24T WOOD | U44: 10018279 | V44: MAKITA TCT SAWBLADE 185X20X24T D-19037
F45: 10017959 | G45: MAKITA DC VACUUM CLEANER 40V VC009GZ | H45: 2 | K45: 10018652 | L45: MAKITA ANGLE GRINDER 9556HNG | M45: 143 | R45: =VLOOKUP(U45,'[1]MAKITA MASTERSHEET'!$A:$C,3,0) -> D-03361 | T45: T.C.T SAW BLADE 185X20X40T WOOD | U45: 10018770 | V45: MAKITA TCT SAW BLADE185X20X40T D-03361
F46: 10017960 | G46: MAKITA DC CIRCULAR SAW 40V 235MM HS009GZ | H46: 1 | K46: 10018660 | L46: MAKITA COMBO KIT CLX224SAX1 | M46: 230 | R46: =VLOOKUP(U46,'[1]MAKITA MASTERSHEET'!$A:$C,3,0) -> D-50500 | T46: T.C.T SAW BLADE 165X20X40T WOOD | U46: 10018280 | V46: MAKITA TCT 6" SAW BLADE 40T D-50500
F47: 10017964 | G47: MAKITA DC LAWNMOWER 64V 530MM LM002JM101 | H47: 2 | K47: 10018661 | L47: MAKITA HEAT GUN HG5030 | M47: 62 | R47: =VLOOKUP(U47,'[1]MAKITA MASTERSHEET'!$A:$C,3,0) -> D-03377 | T47: T.C.T SAW BLADE 235X25.4X40T WOOD | U47: 10017971 | V47: MAKITA TCT SAW BLADE 9" 40T D-03377
F48: 10017965 | G48: MAKITA T.C.T SAW BLADE 7" 60T P-67963 | H48: 1 | K48: 10018662 | L48: MAKITA DEMOLITION HAMMER 30KG AVT HM1812 | M48: 1 | V48: MAKITA DRILL BIT D-29620
F49: 10017970 | G49: MAKITA PLUNGE CUT SAW 40V 165MM SP001GZ | H49: 1 | K49: 10018706 | L49: MAKITA DEMOLITION HAMMER HM0871C | M49: 8 | V49: MAKITA M FORCE HSS MET.DRILL BIT D-29692
F50: 10017973 | G50: MAKITA BULL POINT 250MM SDS-PLUS B-64238 | H50: 10 | K50: 10018710 | L50: MAKITA AC COMBINATION HAMMER HR3001CJ | M50: 1 | V50: MAKITA HSS METAL BIT D-64294
F51: 10017974 | G51: MAKITA DC IMPACT WRENCH 40V TW007GZ | H51: 5 | K51: 10018714 | L51: MAKITA DC ANGLE GRINDER 18V BL DGA413RTE | M51: 6
F52: 10017975 | G52: MAKITA BULL POINT 400MM SDS-MAX B-64266 | H52: 5 | K52: 10018720 | L52: MAKITA HAMMER DRILL 18V BL13MM DHP486RTE | M52: 70
F53: 10017977 | G53: MAKITA NEMESIS SET SDSPLUS 6X115 B-58811 | H53: 1 | K53: 10018723 | L53: MAKITA AC HAMMER DRILL 10MM HP0300 | M53: 12
F54: 10017979 | G54: MAKITA NEMESIS SET SDSPLUS 8X165 B-58899 | H54: 16 | K54: 10018724 | L54: MAKITA AC DRILL 10MM M0600B | M54: 12
F55: 10017980 | G55: MAKITA DC BLOWER 40V BL UB001CZ | H55: 1 | K55: 10018725 | L55: MAKITA AC HAMMER DRILL 16MM M0801B | M55: 49
F56: 10017981 | G56: MAKITA NEMESIS SET SDSPLUS B-58992 | H56: 5 | K56: 10018726 | L56: MAKITA AC CIRCULAR SAW 165MM HS6600 | M56: 98
F57: 10017982 | G57: MAKITA DC BLOWER 12V UB100DZ | H57: 5 | K57: 10018727 | L57: MAKITA AC TRIMMER 6MM 3711 | M57: 59
F58: 10017983 | G58: MAKITA SDS-MAX DRILL BIT 22X540 D-34637 | H58: 9 | K58: 10018746 | L58: MAKITA AC DEMOLITION HAMMER 5KG HM0810TA | M58: 12
F59: 10017984 | G59: MAKITA DC HEDGETRIMMER 40V 650MM UH006GZ | H59: 1 | K59: 10018759 | L59: MAKITA DC COMBO KIT 18V DLX2131JX7 | M59: 40
F60: 10017985 | G60: MAKITA SDS-MAX DRILL BIT 24X540 D-34659 | H60: 6 | K60: 10018765 | L60: MAKITA DC ROTARY HAMMER 40V 40MM HR005GZ | M60: 3
F61: 10017987 | G61: MAKITA SDS-MAX DRILL BIT 25X340 D-34665 | H61: 2 | K61: 10018872 | L61: MAKITA FINISHING SANDER M9203B | M61: 5
F62: 10017989 | G62: MAKITA SDS-MAX DRILL BIT 25X540 D-34045 | H62: 6 | K62: 10018873 | L62: MAKITA ANGLE GRINDER 100MM T 850W M9513B | M62: 170
... F153: 10018253 | G153: MAKITA TRIPOD FOR DML805 GM00001381 | H153: 1 | K153: 10050716 | L153: MAKITA COMBINATION HAMMER 26MM M8701B | M153: 27
F154: 10018254 | G154: MAKITA VISE DML811/ ML003G GM00001396 | H154: 5
F155: 10018256 | G155: MAKITA SDS-MAX DRILL BIT 22X520 B-20068 | H155: 6
F156: 10018257 | G156: MAKITA SDS-PLUS NEM. II 20X250 B-58637 | H156: 5
F157: 10018259 | G157: MAKITA SDS-PLUS NEM. II 30X450 B-58774 | H157: 2
F158: 10018262 | G158: MAKITA TRIPOD DML811/ ML003G GM00002073 | H158: 1
F159: 10018263 | G159: MAKITA BTC05 CHECKER ADAPTER 191K30-9 | H159: 3 | J159: *
F160: 10018266 | G160: MAKITA CHAINBLADE 14" (UC3500) 191H11-5 | H160: 61
F161: 10018267 | G161: MAKITA GUIDE BAR 14" SPROCKET 191G24-0 | H161: 54
F162: 10018269 | G162: MAKITA CHAINBLADE 16" 191H12-3 (UC4000) | H162: 44
F163: 10018271 | G163: MAKITA ABR DISC 125MM WA100 D-54162 | H163: 88
F164: 10018273 | G164: MAKITA HSS-TIN DRILL BIT 6x93MM D-64353 | H164: 14
F165: 10018277 | G165: MAKITA T.C.T SAWBLADE 85X15X20T B-14607 | H165: 50
F166: 10018279 | G166: MAKITA T.C.T SAWBLADE 185X20X24T D-19037 | H166: 11
F167: 10018280 | G167: MAKITA T.C.T 6" SAW BLADE 40T D-50500 | H167: 16
F168: 10018281 | G168: MAKITA T.C.T SAWBLADE 305MM S.S B-23151 | H168: 10
F169: 10018282 | G169: MAKITA ABRASIVE DISC 125MM A40 D-65816 | H169: 25
F170: 10018283 | G170: MAKITA TMA078 SANDING PAD B-65115 | H170: 2
F171: 10018285 | G171: MAKITA HSS-TIN DRILL BIT 2X49MM D-64272 | H171: 17
... F4214: 40012403 | G4214: MAKITA LASER ASSY LS1018L JM23100390 | H4214: 2
E4216: *
